latitude,longitude,brightness,scan,track,acq_date,acq_time,satellite,confidence,version,bright_t31,frp,daynight
-18.19583,-62.79824,307.6,1.28,1.12,2026-06-04,0124,T,72,6.1NRT,290.11,12.47,N
-17.49911,-59.51886,343.48,2.25,1.45,2026-06-04,0124,T,100,6.1NRT,293.9,162.71,N
-17.50271,-59.53952,319.69,2.24,1.45,2026-06-04,0124,T,99,6.1NRT,291.2,57.27,N
-17.48634,-59.5212,348.15,2.25,1.45,2026-06-04,0124,T,100,6.1NRT,293.1,192.1,N
-17.48994,-59.54173,327.68,2.24,1.45,2026-06-04,0124,T,100,6.1NRT,291.52,86.38,N
-17.49356,-59.56229,307.47,2.23,1.45,2026-06-04,0124,T,67,6.1NRT,289.71,25.55,N
-17.48807,-59.60566,309.04,2.22,1.44,2026-06-04,0124,T,76,6.1NRT,290.44,29.69,N
-17.48834,-59.61103,313.39,2.22,1.44,2026-06-04,0124,T,82,6.1NRT,290.55,38.24,N
-17.52895,-62.73531,303.12,1.32,1.14,2026-06-04,0124,T,29,6.1NRT,291.39,7.26,N
-17.5203,-62.74307,301.46,1.32,1.14,2026-06-04,0124,T,16,6.1NRT,290.77,5.83,N
-16.55115,-59.29852,309.77,2.45,1.51,2026-06-04,0124,T,78,6.1NRT,292.17,34.61,N
-16.18975,-58.4603,305.05,2.88,1.62,2026-06-04,0124,T,63,6.1NRT,291.53,32.06,N
-16.19444,-58.48626,304.67,2.87,1.62,2026-06-04,0124,T,61,6.1NRT,291.03,30.91,N
-16.18687,-58.46644,310.07,2.88,1.62,2026-06-04,0124,T,79,6.1NRT,291.78,45.06,N
-16.12063,-58.50663,308.09,2.87,1.62,2026-06-04,0124,T,73,6.1NRT,291.84,40.83,N
-16.18068,-61.13568,309,1.8,1.32,2026-06-04,0124,T,76,6.1NRT,291.19,22.61,N
-16.17289,-61.14363,309.57,1.8,1.32,2026-06-04,0124,T,72,6.1NRT,291.19,22.06,N
-15.74588,-64.14586,315.31,1.17,1.07,2026-06-04,0124,T,91,6.1NRT,291.98,16.07,N
-14.09737,-59.37828,304.41,2.7,1.57,2026-06-04,0126,T,60,6.1NRT,288,32.19,N
-14.09207,-59.3851,316.3,2.7,1.57,2026-06-04,0126,T,93,6.1NRT,288.78,69.38,N
-14.93575,-65.4093,303.89,1.05,1.02,2026-06-04,0126,T,57,6.1NRT,292.91,4.61,N
-14.92672,-65.41074,305.38,1.05,1.02,2026-06-04,0126,T,64,6.1NRT,292.78,5.68,N
-12.45962,-58.46122,321.81,3.43,1.74,2026-06-04,0126,T,100,6.1NRT,292.01,113.82,N
-12.46516,-58.49205,318.25,3.41,1.74,2026-06-04,0126,T,97,6.1NRT,291.94,94.9,N
-12.46339,-58.46609,321.39,3.43,1.74,2026-06-04,0126,T,100,6.1NRT,292.21,114.63,N
-12.46867,-58.49678,306.53,3.41,1.74,2026-06-04,0126,T,68,6.1NRT,291.46,44.63,N
-12.23275,-57.24435,301.05,4.31,1.92,2026-06-04,0126,T,36,6.1NRT,290.25,35.53,N
-12.23954,-57.28248,313.06,4.28,1.91,2026-06-04,0126,T,86,6.1NRT,289.75,99.39,N
-12.43752,-58.40789,304.99,3.47,1.75,2026-06-04,0126,T,62,6.1NRT,291.24,39.6,N
-12.44812,-58.46894,305.58,3.43,1.74,2026-06-04,0126,T,51,6.1NRT,291.3,39.42,N
-12.21595,-57.24734,327.77,4.31,1.92,2026-06-04,0126,T,100,6.1NRT,289.87,215.09,N
-12.22282,-57.28559,370.63,4.28,1.91,2026-06-04,0126,T,100,6.1NRT,288.05,969.08,N
-12.20612,-57.28884,322.72,4.28,1.91,2026-06-04,0126,T,100,6.1NRT,290.91,167.6,N
-12.21198,-57.25496,342.38,4.31,1.92,2026-06-04,0126,T,100,6.1NRT,289.56,392.01,N
-12.2186,-57.29328,352.3,4.28,1.91,2026-06-04,0126,T,100,6.1NRT,288.87,550.58,N
-12.20191,-57.29658,301.87,4.28,1.91,2026-06-04,0126,T,45,6.1NRT,291.23,39.74,N
-7.9419,-71.45897,304.93,1.29,1.13,2026-06-04,0128,T,62,6.1NRT,292.42,7.47,N
-33.73997,-58.89761,301.09,1.23,1.1,2026-06-04,0120,T,37,6.1NRT,278.66,9.92,N
-24.5226,-60.63781,307.68,1.38,1.16,2026-06-04,0124,T,72,6.1NRT,288.73,14.8,N
-22.48856,-62.1666,303.27,1.21,1.1,2026-06-04,0124,T,54,6.1NRT,292.38,6.11,N
-21.55255,-58.62317,302.8,2.17,1.43,2026-06-04,0124,T,51,6.1NRT,289.58,19.75,N
-21.54865,-58.60854,300.7,2.18,1.43,2026-06-04,0124,T,32,6.1NRT,289.36,16.44,N
-21.889,-61.87794,308.71,1.28,1.12,2026-06-04,0124,T,75,6.1NRT,291.35,12.05,N
-21.32928,-61.03527,304.78,1.48,1.2,2026-06-04,0124,T,62,6.1NRT,292.59,10.18,N
-21.33161,-61.04913,305.54,1.47,1.2,2026-06-04,0124,T,65,6.1NRT,292.59,10.93,N
-18.54997,-58.59693,302.08,2.52,1.53,2026-06-04,0124,T,44,6.1NRT,289.34,21,N
-18.53661,-58.59975,301.4,2.52,1.53,2026-06-04,0124,T,41,6.1NRT,289.34,19.95,N
-18.83886,-62.98265,310.01,1.23,1.1,2026-06-04,0124,T,79,6.1NRT,289.77,14.02,N
11.73908,-70.19209,320.5,1.14,1.06,2026-06-04,0134,T,100,6.1NRT,291.03,19.02,N
-10.38492,-49.44477,351.95,1.11,1.05,2026-06-04,0644,A,100,6.1NRT,293.69,77.34,N
-10.38636,-49.43496,321,1.11,1.05,2026-06-04,0644,A,100,6.1NRT,291.51,21.52,N
-10.39413,-49.44612,304.77,1.11,1.05,2026-06-04,0644,A,62,6.1NRT,291.06,7.1,N
-11.53777,-52.78428,301.9,1.04,1.02,2026-06-04,0646,A,16,6.1NRT,290.67,4.64,N
-11.54668,-52.78565,325.15,1.04,1.02,2026-06-04,0646,A,100,6.1NRT,292.5,24.25,N
-11.55559,-52.78705,306.38,1.04,1.02,2026-06-04,0646,A,68,6.1NRT,290.76,7.52,N
-12.30385,-47.90081,300.55,1.44,1.19,2026-06-04,0646,A,30,6.1NRT,290.46,7.34,N
-11.78331,-52.5083,301.07,1.02,1.01,2026-06-04,0646,A,37,6.1NRT,290.87,4.57,N
-12.55993,-48.348,300.56,1.35,1.15,2026-06-04,0646,A,30,6.1NRT,290.24,7.35,N
-11.63291,-55.18016,306.71,1.35,1.15,2026-06-04,0646,A,69,6.1NRT,291.56,10.98,N
-12.21025,-57.29533,302.58,1.87,1.34,2026-06-04,0646,A,50,6.1NRT,290.88,13.56,N
-12.21303,-57.2787,332.28,1.87,1.34,2026-06-04,0646,A,100,6.1NRT,293.88,81.68,N
-12.2247,-57.28078,331.75,1.87,1.34,2026-06-04,0646,A,100,6.1NRT,291.49,78.1,N
-12.22745,-57.2643,315.14,1.86,1.33,2026-06-04,0646,A,91,6.1NRT,291.88,33.78,N
-12.20735,-57.28475,314.36,1.87,1.34,2026-06-04,0646,A,89,6.1NRT,292.15,32.12,N
-12.21901,-57.28683,326.57,1.87,1.34,2026-06-04,0646,A,100,6.1NRT,291.69,61.9,N
-12.2219,-57.27033,335.25,1.86,1.33,2026-06-04,0646,A,100,6.1NRT,293.84,90.29,N
-12.45889,-58.46667,310.57,2.29,1.46,2026-06-04,0646,A,80,6.1NRT,290.53,38.43,N
-12.45919,-58.47165,308.35,2.29,1.46,2026-06-04,0646,A,74,6.1NRT,290.27,33.01,N
-14.06215,-53.39475,301.96,1.04,1.02,2026-06-04,0646,A,18,6.1NRT,288.93,5.33,N
-14.08145,-53.38831,324.25,1.04,1.02,2026-06-04,0646,A,100,6.1NRT,290,24.35,N
-14.08291,-53.37901,306.93,1.04,1.02,2026-06-04,0646,A,70,6.1NRT,289.54,8.73,N
-16.79923,-54.16659,310.37,1.05,1.02,2026-06-04,0646,A,80,6.1NRT,292.4,10.92,N
-16.18111,-58.4683,304.01,1.93,1.36,2026-06-04,0646,A,58,6.1NRT,289.67,17.51,N
-17.48783,-59.53871,307.54,2.19,1.43,2026-06-04,0646,A,35,6.1NRT,288.44,26.7,N
-17.49151,-59.51894,337.16,2.18,1.43,2026-06-04,0646,A,100,6.1NRT,292.13,124.91,N
-17.49516,-59.49932,309.83,2.17,1.43,2026-06-04,0646,A,56,6.1NRT,289.44,31.5,N
-18.1319,-59.40659,302.47,2.07,1.4,2026-06-04,0646,A,49,6.1NRT,285.97,21.21,N
-18.13352,-59.4141,300.08,2.07,1.4,2026-06-04,0646,A,15,6.1NRT,285.74,17.48,N
-18.53178,-58.58567,300.61,1.77,1.3,2026-06-04,0646,A,29,6.1NRT,288.32,12.73,N
11.74181,-70.19464,321.7,1.03,1.01,2026-06-04,0818,A,100,6.1NRT,291.45,18.71,N
11.74041,-70.18553,308.27,1.03,1.01,2026-06-04,0818,A,73,6.1NRT,291.16,7.06,N
11.6355,-70.22652,304.53,1.03,1.01,2026-06-04,0818,A,60,6.1NRT,292.37,4.07,N
-3.99122,-47.93401,320.77,1.28,1.12,2026-06-04,1212,T,78,6.1NRT,293.21,20.67,D
-3.99277,-47.92284,312.04,1.29,1.13,2026-06-04,1212,T,67,6.1NRT,293.27,9.78,D
-5.11419,-46.96175,308.51,1.55,1.23,2026-06-04,1212,T,58,6.1NRT,291.63,8.06,D
-5.11602,-46.94803,324.36,1.56,1.23,2026-06-04,1212,T,81,6.1NRT,292.51,34.58,D
-6.39858,-44.83597,308.63,2.4,1.49,2026-06-04,1212,T,53,6.1NRT,292.14,15.42,D
-13.96291,-53.84649,310.53,1.01,1.01,2026-06-04,1214,T,51,6.1NRT,297.01,6.27,D
-6.99368,-42.87223,309.59,3.53,1.77,2026-06-04,1212,T,43,6.1NRT,291.77,30.16,D
-14.08532,-53.389,330.65,1,1,2026-06-04,1214,T,86,6.1NRT,296.62,27.06,D
-6.9892,-42.87865,310.9,3.53,1.77,2026-06-04,1212,T,61,6.1NRT,291.96,37.96,D
-14.08662,-53.37996,309.22,1,1,2026-06-04,1214,T,55,6.1NRT,294.71,6.42,D
-6.75529,-45.00999,310.8,2.35,1.48,2026-06-04,1212,T,56,6.1NRT,294.6,18.17,D
-15.408,-51.06761,324.55,1.16,1.07,2026-06-04,1214,T,81,6.1NRT,298.05,23.49,D
-6.7683,-45.01175,314.54,2.35,1.48,2026-06-04,1212,T,69,6.1NRT,294.1,28.08,D
-15.40937,-51.0571,322.14,1.16,1.07,2026-06-04,1214,T,79,6.1NRT,297.25,20.7,D
-6.57186,-51.09783,317.28,1.01,1,2026-06-04,1212,T,72,6.1NRT,293.4,11.43,D
-16.84304,-53.82997,306.52,1,1,2026-06-04,1214,T,60,6.1NRT,294.42,5.55,D
-6.58069,-51.09903,313.36,1.01,1,2026-06-04,1212,T,50,6.1NRT,294.35,7.71,D
-16.55134,-59.29955,302.67,1.86,1.33,2026-06-04,1214,T,51,6.1NRT,292.47,9.51,D
-7.00078,-50.47057,311.61,1.04,1.02,2026-06-04,1212,T,62,6.1NRT,296.97,6.6,D
-16.54931,-59.28775,303.06,1.86,1.33,2026-06-04,1214,T,25,6.1NRT,292.4,9.5,D
-7.7641,-47.5903,308.76,1.53,1.22,2026-06-04,1214,T,55,6.1NRT,294.06,8.16,D
-18.07864,-52.63988,310.85,1.05,1.02,2026-06-04,1217,T,71,6.1NRT,295.67,8.58,D
-8.39402,-46.88077,309.67,1.77,1.3,2026-06-04,1214,T,64,6.1NRT,290.49,13.69,D
-18.187,-52.18157,331.24,1.09,1.04,2026-06-04,1217,T,87,6.1NRT,293.19,33.96,D
-8.40545,-46.88253,311.83,1.77,1.3,2026-06-04,1214,T,68,6.1NRT,290.77,17.72,D
-17.49662,-59.50578,318.27,1.85,1.33,2026-06-04,1217,T,73,6.1NRT,294.63,35.42,D
-8.40328,-46.88783,315.25,1.77,1.3,2026-06-04,1214,T,73,6.1NRT,290.63,23.35,D
-18.55283,-58.59246,304.5,1.52,1.22,2026-06-04,1217,T,59,6.1NRT,292.86,9.79,D
-8.49093,-51.54122,364.35,1.01,1,2026-06-04,1214,T,100,6.1NRT,297.78,95.9,D
-19.74003,-53.54935,315.07,1.02,1.01,2026-06-04,1217,T,75,6.1NRT,293.86,13.46,D
-8.4922,-51.53233,335.78,1.01,1,2026-06-04,1214,T,89,6.1NRT,296.39,33.84,D
-21.29527,-61.12149,302.74,2.05,1.39,2026-06-04,1217,T,53,6.1NRT,291.14,13.07,D
-10.39176,-49.43793,315.2,1.25,1.11,2026-06-04,1214,T,75,6.1NRT,279.67,18.52,D
-21.33656,-61.03149,308.26,2.02,1.38,2026-06-04,1217,T,67,6.1NRT,291.41,21.6,D
-10.98087,-47.05812,314.84,1.87,1.34,2026-06-04,1214,T,74,6.1NRT,295.74,21.27,D
-26.35127,-53.97676,305.27,1.09,1.04,2026-06-04,1219,T,61,6.1NRT,287.83,9.18,D
-10.59379,-53.472,310.45,1.03,1.01,2026-06-04,1214,T,64,6.1NRT,296.75,5.97,D
-27.10986,-55.32895,321.2,1.02,1.01,2026-06-04,1219,T,81,6.1NRT,282.46,21.93,D
-10.76909,-54.09941,318.17,1.08,1.04,2026-06-04,1214,T,76,6.1NRT,296.55,14.47,D
-27.11123,-55.31893,333.17,1.02,1.01,2026-06-04,1219,T,88,6.1NRT,283.56,36.39,D
-10.85807,-53.74635,317.99,1.05,1.02,2026-06-04,1214,T,65,6.1NRT,298.84,10.49,D
-28.14805,-56.07253,315.35,1,1,2026-06-04,1219,T,76,6.1NRT,289.44,14.72,D
-11.32477,-51.39055,324.96,1.04,1.02,2026-06-04,1214,T,81,6.1NRT,297.52,19.78,D
-30.51253,-52.61715,305.8,1.42,1.18,2026-06-04,1219,T,62,6.1NRT,286.38,13.61,D
-11.32605,-51.38127,308.9,1.04,1.02,2026-06-04,1214,T,59,6.1NRT,295.8,4.91,D
-11.33375,-51.3918,327.84,1.04,1.02,2026-06-04,1214,T,83,6.1NRT,297.16,22.44,D
-10.5729,-57.32605,304.67,1.7,1.28,2026-06-04,1214,T,49,6.1NRT,293.72,8,D
-10.57529,-57.31086,304.94,1.69,1.28,2026-06-04,1214,T,50,6.1NRT,293.78,8.47,D
-11.25884,-53.97123,313.16,1.06,1.03,2026-06-04,1214,T,58,6.1NRT,295.15,8.94,D
-11.26024,-53.96179,311.43,1.05,1.03,2026-06-04,1214,T,36,6.1NRT,295.96,7.28,D
-11.54995,-52.79197,314.66,1,1,2026-06-04,1214,T,60,6.1NRT,298.54,9.13,D
-11.55124,-52.78303,324.16,1,1,2026-06-04,1214,T,81,6.1NRT,297.67,17.77,D
-11.61349,-52.55236,305.21,1,1,2026-06-04,1214,T,46,6.1NRT,295.13,3.82,D
-11.78381,-52.5098,307.35,1,1,2026-06-04,1214,T,53,6.1NRT,296.77,4.76,D
-11.73513,-54.24442,313.75,1.07,1.03,2026-06-04,1214,T,71,6.1NRT,296.31,11.18,D
-11.73656,-54.23486,309.91,1.07,1.03,2026-06-04,1214,T,65,6.1NRT,295.09,7.91,D
-12.33993,-50.00136,310.61,1.22,1.1,2026-06-04,1214,T,45,6.1NRT,299.4,6.7,D
-11.59831,-55.33728,309.48,1.21,1.09,2026-06-04,1214,T,64,6.1NRT,294.86,8.69,D
-11.59995,-55.32655,308.48,1.2,1.09,2026-06-04,1214,T,62,6.1NRT,294.68,7.85,D
-11.62102,-55.18823,309.35,1.18,1.08,2026-06-04,1214,T,58,6.1NRT,295.7,7.95,D
-11.62262,-55.1777,310.13,1.18,1.08,2026-06-04,1214,T,63,6.1NRT,297.06,8.41,D
-12.65697,-47.66351,315.74,1.78,1.31,2026-06-04,1214,T,56,6.1NRT,294.28,25.93,D
-11.63054,-55.18969,350.12,1.18,1.08,2026-06-04,1214,T,96,6.1NRT,297.31,76.1,D
-11.63214,-55.17916,326.23,1.18,1.08,2026-06-04,1214,T,83,6.1NRT,297.25,26.68,D
-12.6685,-47.66497,316.08,1.78,1.31,2026-06-04,1214,T,64,6.1NRT,293.6,26.13,D
-11.73393,-54.80089,313.22,1.13,1.06,2026-06-04,1214,T,62,6.1NRT,298.5,9.32,D
-11.67584,-56.76314,305.23,1.48,1.2,2026-06-04,1214,T,46,6.1NRT,294.43,6.42,D
-12.1806,-54.53973,304.95,1.09,1.04,2026-06-04,1214,T,52,6.1NRT,294.61,4.82,D
-12.66363,-51.43468,313.83,1.06,1.03,2026-06-04,1214,T,69,6.1NRT,297.05,8.93,D
-12.22811,-57.28824,319.35,1.58,1.24,2026-06-04,1214,T,64,6.1NRT,294.55,25.75,D
-12.23036,-57.27409,328.77,1.58,1.24,2026-06-04,1214,T,85,6.1NRT,296.72,45.74,D
-12.73795,-54.20582,308.48,1.05,1.02,2026-06-04,1214,T,31,6.1NRT,297.59,5.14,D
-12.73933,-54.19641,311.12,1.05,1.02,2026-06-04,1214,T,53,6.1NRT,297.78,7.26,D
-12.45626,-58.46661,307,1.92,1.35,2026-06-04,1214,T,23,6.1NRT,294.34,13.54,D
-12.46193,-58.47349,313.88,1.92,1.35,2026-06-04,1214,T,73,6.1NRT,295.75,28.32,D
-6.74972,-71.69811,303.95,1.62,1.25,2026-06-04,1353,T,43,6.1NRT,289.62,5.33,D
-7.9396,-71.46348,315.9,1.76,1.3,2026-06-04,1353,T,74,6.1NRT,293.51,25.15,D
11.73632,-70.19273,327.61,1.14,1.06,2026-06-04,1346,T,60,6.1NRT,289.5,22.66,D
9.61798,-63.73038,323.41,3.71,1.8,2026-06-04,1346,T,66,6.1NRT,285.53,125.4,D
-6.30029,-45.70541,314.45,2.46,1.51,2026-06-04,1900,A,64,6.1NRT,296.58,20.96,D
-6.57957,-51.09887,332.76,1.06,1.03,2026-06-04,1900,A,86,6.1NRT,299.48,29.56,D
-6.58096,-51.1081,324.24,1.05,1.03,2026-06-04,1900,A,79,6.1NRT,297.46,18.08,D
-6.12907,-48.55876,311.32,1.48,1.2,2026-06-04,1900,A,56,6.1NRT,296.07,8.58,D
-25.03603,-57.62192,316.04,3.37,1.73,2026-06-04,1856,A,76,6.1NRT,294.57,70.84,D
-24.92749,-56.13394,305.1,2.61,1.55,2026-06-04,1856,A,58,6.1NRT,294.23,20.13,D
-24.851,-55.5171,306.26,2.34,1.48,2026-06-04,1856,A,61,6.1NRT,294.14,17.07,D
-24.45948,-52.34871,325.92,1.39,1.17,2026-06-04,1856,A,84,6.1NRT,295.16,37.63,D
-23.32334,-46.7519,300.22,1.09,1.04,2026-06-04,1856,A,26,6.1NRT,287.75,3.39,D
-24.0442,-52.61959,305.33,1.42,1.18,2026-06-04,1856,A,59,6.1NRT,294.22,9.11,D
-23.82629,-51.92193,309.59,1.28,1.12,2026-06-04,1856,A,68,6.1NRT,295.72,9.79,D
-23.82781,-51.93425,339.31,1.28,1.12,2026-06-04,1856,A,91,6.1NRT,296.58,57.86,D
-23.86974,-52.51995,342.84,1.39,1.17,2026-06-04,1856,A,93,6.1NRT,296.61,76.16,D
-24.3191,-57.67722,313.17,3.34,1.72,2026-06-04,1856,A,72,6.1NRT,294.43,56.38,D
-24.32195,-57.68101,307.64,3.34,1.72,2026-06-04,1856,A,64,6.1NRT,294.3,35.53,D
-24.01291,-57.60483,306.27,3.26,1.71,2026-06-04,1856,A,60,6.1NRT,294.97,29.79,D
-23.93052,-57.1881,306.95,3.03,1.66,2026-06-04,1856,A,53,6.1NRT,295.28,25.91,D
-23.92689,-57.16376,305.61,3.02,1.65,2026-06-04,1856,A,58,6.1NRT,294.92,23.15,D
-23.92968,-57.19274,306.06,3.03,1.66,2026-06-04,1856,A,51,6.1NRT,295.24,24.29,D
-22.79809,-49.32846,307.54,1.01,1,2026-06-04,1856,A,58,6.1NRT,293.65,5.3,D
-22.79947,-49.33801,320.12,1.01,1,2026-06-04,1856,A,79,6.1NRT,296.91,15.53,D
-22.78929,-49.32996,312.4,1.01,1,2026-06-04,1856,A,53,6.1NRT,294.37,8.35,D
-22.79066,-49.33949,331.99,1.01,1,2026-06-04,1856,A,87,6.1NRT,295.96,28.84,D
-22.56068,-48.34556,308.94,1.01,1,2026-06-04,1856,A,66,6.1NRT,295.66,6.87,D
-22.5621,-48.35504,332.33,1.01,1,2026-06-04,1856,A,83,6.1NRT,295.59,30.29,D
-21.21513,-47.58302,311.66,1.06,1.03,2026-06-04,1858,A,69,6.1NRT,297.55,7.8,D
-20.99069,-48.84646,315.43,1,1,2026-06-04,1858,A,72,6.1NRT,298.56,10.37,D
-20.27318,-46.72361,305.85,1.18,1.08,2026-06-04,1858,A,55,6.1NRT,293.98,6.44,D
-20.2637,-46.72522,305.82,1.18,1.08,2026-06-04,1858,A,55,6.1NRT,294.89,6.25,D
-19.85493,-48.35409,312.39,1.03,1.02,2026-06-04,1858,A,67,6.1NRT,297.92,8.72,D
-19.91143,-48.96412,312.42,1.01,1,2026-06-04,1858,A,66,6.1NRT,298.14,7.32,D
-20.32372,-52.15849,314.82,1.2,1.09,2026-06-04,1858,A,70,6.1NRT,297.81,12.34,D
-19.42007,-46.47263,308.82,1.25,1.11,2026-06-04,1858,A,65,6.1NRT,294.02,10.12,D
-19.353,-49.1977,310.05,1,1,2026-06-04,1858,A,60,6.1NRT,299.43,4.84,D
-18.5573,-44.83005,307.78,1.66,1.27,2026-06-04,1858,A,61,6.1NRT,295.1,13.47,D
-19.17272,-49.10721,309.49,1.01,1,2026-06-04,1858,A,58,6.1NRT,299.29,5.47,D
-19.74612,-53.53447,309.33,1.42,1.18,2026-06-04,1858,A,33,6.1NRT,297.39,6.17,D
-19.74778,-53.54773,326.9,1.43,1.18,2026-06-04,1858,A,82,6.1NRT,300.64,33.27,D
-19.73738,-53.54914,318.14,1.43,1.18,2026-06-04,1858,A,74,6.1NRT,300.85,18.76,D
-19.57572,-52.51332,310.61,1.23,1.1,2026-06-04,1858,A,59,6.1NRT,299.52,7.67,D
-19.80478,-56.35273,323.58,2.29,1.47,2026-06-04,1858,A,80,6.1NRT,299.58,57.61,D
-19.80714,-56.37408,310.76,2.3,1.47,2026-06-04,1858,A,62,6.1NRT,298.49,19.66,D
-18.49899,-51.66544,333.42,1.09,1.04,2026-06-04,1858,A,87,6.1NRT,300.69,32.82,D
-18.54297,-58.58362,308.9,3.28,1.71,2026-06-04,1858,A,42,6.1NRT,296.67,23.75,D
-18.54598,-58.61396,321.78,3.3,1.72,2026-06-04,1858,A,78,6.1NRT,297.5,85.49,D
-18.54402,-58.59058,316.55,3.28,1.71,2026-06-04,1858,A,72,6.1NRT,297.13,58.43,D
-18.54726,-58.62094,316.71,3.3,1.72,2026-06-04,1858,A,72,6.1NRT,297.29,59.86,D
-16.90029,-46.78741,312.71,1.31,1.14,2026-06-04,1858,A,68,6.1NRT,299.67,12.36,D
-16.92775,-47.14764,307.52,1.25,1.11,2026-06-04,1858,A,57,6.1NRT,296.09,7.41,D
-18.39273,-59.05578,343.53,3.55,1.77,2026-06-04,1858,A,93,6.1NRT,299.32,281.58,D
-18.39684,-59.06236,337.71,3.55,1.77,2026-06-04,1858,A,90,6.1NRT,298.77,223.45,D
-18.38125,-59.06398,331.45,3.55,1.77,2026-06-04,1858,A,86,6.1NRT,299.38,162.03,D
-18.3846,-59.09669,331.05,3.57,1.77,2026-06-04,1858,A,85,6.1NRT,298.62,162.04,D
-16.55236,-46.42635,325.24,1.4,1.17,2026-06-04,1858,A,82,6.1NRT,298.27,31.55,D
-16.55448,-46.4389,326.51,1.4,1.17,2026-06-04,1858,A,83,6.1NRT,298.21,33.68,D
-17.27169,-52.25705,311.86,1.12,1.06,2026-06-04,1858,A,64,6.1NRT,300.29,8.28,D
-16.44638,-46.89945,310.27,1.31,1.14,2026-06-04,1858,A,63,6.1NRT,297.44,8.85,D
-16.59711,-49.36784,314.38,1.02,1.01,2026-06-04,1858,A,68,6.1NRT,299.17,8.05,D
-17.63383,-60.39602,310.57,4.41,1.93,2026-06-04,1858,A,63,6.1NRT,297.4,54.58,D
-16.85143,-53.47182,309.3,1.29,1.13,2026-06-04,1858,A,40,6.1NRT,299.01,6.33,D
-17.62976,-60.40395,311.86,4.41,1.93,2026-06-04,1858,A,65,6.1NRT,297.41,61.46,D
-17.50372,-59.48651,332.76,3.73,1.81,2026-06-04,1858,A,87,6.1NRT,297.02,189.71,D
-17.50715,-59.52005,339.07,3.75,1.81,2026-06-04,1858,A,90,6.1NRT,299.23,256.52,D
-16.18554,-49.21272,321.55,1.03,1.02,2026-06-04,1858,A,78,6.1NRT,298.08,16.9,D
-17.49124,-59.52196,325.65,3.75,1.81,2026-06-04,1858,A,81,6.1NRT,300.39,136.68,D
-17.49468,-59.55611,319,3.78,1.82,2026-06-04,1858,A,75,6.1NRT,298.45,89.05,D
-17.49465,-59.49165,335.34,3.73,1.81,2026-06-04,1858,A,88,6.1NRT,298.02,206.22,D
-17.4983,-59.52531,335.07,3.75,1.81,2026-06-04,1858,A,88,6.1NRT,300.77,207.81,D
-15.4182,-46.53029,308.39,1.44,1.19,2026-06-04,1858,A,60,6.1NRT,296.17,9.92,D
-15.45966,-46.97288,314.79,1.34,1.15,2026-06-04,1858,A,71,6.1NRT,298.43,15.28,D
-30.03982,-50.42945,303.95,1.26,1.12,2026-06-04,1853,A,58,6.1NRT,291.46,7.67,D
-15.82071,-49.97292,309.03,1.01,1,2026-06-04,1858,A,51,6.1NRT,298.76,4.61,D
-15.21832,-46.27149,318.4,1.51,1.21,2026-06-04,1858,A,76,6.1NRT,297,23.13,D
-30.0414,-50.44231,307.96,1.26,1.12,2026-06-04,1853,A,66,6.1NRT,291.56,11.25,D
-15.22065,-46.28514,313.61,1.51,1.21,2026-06-04,1858,A,70,6.1NRT,297.22,15.68,D
-29.7317,-58.54506,310.62,4.44,1.94,2026-06-04,1853,A,70,6.1NRT,289.05,80.28,D
-15.22396,-46.27694,326.88,1.51,1.21,2026-06-04,1858,A,83,6.1NRT,298.11,38.09,D
-15.75043,-49.94425,315.79,1.01,1,2026-06-04,1858,A,69,6.1NRT,298.47,10.03,D
-29.72864,-58.5532,308.34,4.44,1.94,2026-06-04,1853,A,67,6.1NRT,289.43,66.14,D
-15.75179,-49.95337,330.9,1.01,1,2026-06-04,1858,A,85,6.1NRT,299.23,26.4,D
-29.05737,-52.79006,301.18,1.71,1.28,2026-06-04,1853,A,45,6.1NRT,289.45,9.58,D
-15.63237,-49.28323,317.76,1.04,1.02,2026-06-04,1858,A,73,6.1NRT,299.59,12.42,D
-15.63381,-49.29262,324.32,1.04,1.02,2026-06-04,1858,A,80,6.1NRT,300.98,19.29,D
-28.22517,-56.73027,311.91,3.18,1.69,2026-06-04,1853,A,72,6.1NRT,290.59,59.47,D
-16.60317,-58.25064,313.87,2.9,1.62,2026-06-04,1858,A,68,6.1NRT,298.4,39.15,D
-16.5972,-58.2296,311.38,2.88,1.62,2026-06-04,1858,A,62,6.1NRT,298.53,30.27,D
-28.22639,-56.73462,310.27,3.18,1.69,2026-06-04,1853,A,70,6.1NRT,290.58,53.47,D
-16.60023,-58.25605,310.37,2.9,1.62,2026-06-04,1858,A,60,6.1NRT,297.9,26.59,D
-28.0646,-56.03007,305.5,2.82,1.6,2026-06-04,1853,A,62,6.1NRT,290.13,25.79,D
-16.55068,-59.2935,308.27,3.49,1.76,2026-06-04,1858,A,51,6.1NRT,296.39,28.77,D
-14.38847,-44.56486,313.2,2.1,1.41,2026-06-04,1858,A,67,6.1NRT,297.78,22.51,D
-28.07452,-56.03617,306.77,2.82,1.6,2026-06-04,1853,A,64,6.1NRT,290.25,29.88,D
-14.39183,-44.58377,307.94,2.09,1.41,2026-06-04,1858,A,53,6.1NRT,297.29,11.27,D
-14.38511,-44.5727,316.67,2.1,1.41,2026-06-04,1858,A,72,6.1NRT,297.77,28.92,D
-27.67328,-56.07565,313.84,2.8,1.6,2026-06-04,1853,A,74,6.1NRT,292.25,51.06,D
-16.20144,-58.46154,311.21,2.97,1.64,2026-06-04,1858,A,52,6.1NRT,296.79,23.95,D
-27.67573,-56.1036,313.72,2.82,1.6,2026-06-04,1853,A,74,6.1NRT,291.19,51.69,D
-16.187,-58.46311,312.34,2.97,1.64,2026-06-04,1858,A,50,6.1NRT,298,27.54,D
-16.18994,-58.49016,309.79,2.99,1.64,2026-06-04,1858,A,18,6.1NRT,297.66,18.46,D
-27.61902,-55.94231,327.52,2.74,1.58,2026-06-04,1853,A,85,6.1NRT,293.29,108.92,D
-15.92228,-56.3547,311.29,2.01,1.38,2026-06-04,1858,A,60,6.1NRT,300.41,13.36,D
-16.1985,-58.46875,322.99,2.97,1.64,2026-06-04,1858,A,78,6.1NRT,297.28,74.31,D
-27.63549,-56.1363,310.74,2.83,1.61,2026-06-04,1853,A,70,6.1NRT,290.27,40.11,D
-15.92744,-56.34251,313.62,2,1.38,2026-06-04,1858,A,66,6.1NRT,301.23,18.58,D
-27.64647,-56.1398,305.24,2.83,1.61,2026-06-04,1853,A,55,6.1NRT,289.51,23.3,D
-16.16057,-59.32841,309.95,3.47,1.75,2026-06-04,1858,A,57,6.1NRT,295.96,39.27,D
-27.61207,-55.92076,308.86,2.73,1.58,2026-06-04,1853,A,68,6.1NRT,292.51,33.56,D
-16.09346,-60.1625,312.28,4.03,1.86,2026-06-04,1858,A,56,6.1NRT,297.41,52.41,D
-27.61453,-55.94745,322.71,2.74,1.58,2026-06-04,1853,A,82,6.1NRT,292.54,85.42,D
-14.28704,-47.41398,320.45,1.31,1.14,2026-06-04,1858,A,75,6.1NRT,297.6,22.47,D
-27.63225,-56.14135,307.2,2.83,1.61,2026-06-04,1853,A,65,6.1NRT,290.09,28.59,D
-14.28894,-47.42598,316.09,1.31,1.14,2026-06-04,1858,A,70,6.1NRT,298.98,16.72,D
-27.53734,-56.20845,321.74,2.86,1.61,2026-06-04,1853,A,81,6.1NRT,293.57,81.11,D
-14.03171,-47.35929,338.74,1.34,1.15,2026-06-04,1858,A,90,6.1NRT,297.56,58.79,D
-27.54785,-56.21439,306.28,2.86,1.61,2026-06-04,1853,A,30,6.1NRT,293.31,23.36,D
-14.77675,-52.66598,315.44,1.11,1.05,2026-06-04,1858,A,52,6.1NRT,297.9,9.29,D
-27.53104,-56.18771,303.51,2.84,1.61,2026-06-04,1853,A,31,6.1NRT,293.51,16.12,D
-14.77815,-52.676,359.01,1.11,1.05,2026-06-04,1858,A,99,6.1NRT,301.77,91.39,D
-27.53356,-56.2159,308.85,2.86,1.61,2026-06-04,1853,A,64,6.1NRT,293.27,31.58,D
-14.76892,-52.67731,330.09,1.11,1.05,2026-06-04,1858,A,83,6.1NRT,301.48,26.7,D
-27.07255,-52.4044,301.86,1.51,1.21,2026-06-04,1853,A,49,6.1NRT,290.43,8.33,D
-13.89848,-49.12829,319.13,1.08,1.04,2026-06-04,1858,A,73,6.1NRT,301.87,13.09,D
-13.66411,-47.75352,312.12,1.28,1.12,2026-06-04,1858,A,62,6.1NRT,298.9,10.73,D
-27.13917,-55.18369,307.48,2.38,1.49,2026-06-04,1853,A,65,6.1NRT,293.16,24.63,D
-14.36527,-54.61124,311.71,1.42,1.18,2026-06-04,1900,A,56,6.1NRT,298.69,8.45,D
-26.50575,-54.5428,306.05,2.09,1.41,2026-06-04,1853,A,30,6.1NRT,293.61,14.34,D
-14.36694,-54.624,314.42,1.42,1.18,2026-06-04,1900,A,64,6.1NRT,297.57,12.23,D
-26.50777,-54.56313,313.69,2.1,1.41,2026-06-04,1853,A,74,6.1NRT,294.2,30.37,D
-14.09198,-53.39319,315.18,1.18,1.08,2026-06-04,1900,A,44,6.1NRT,300.57,9.25,D
-26.49533,-54.56481,316.77,2.1,1.41,2026-06-04,1853,A,77,6.1NRT,294.31,37.67,D
-14.08248,-53.39458,317.11,1.18,1.08,2026-06-04,1900,A,39,6.1NRT,301.38,10.66,D
-14.06852,-53.40314,314.07,1.18,1.08,2026-06-04,1900,A,57,6.1NRT,302.41,8.36,D
-14.05462,-53.37267,316.95,1.18,1.08,2026-06-04,1900,A,64,6.1NRT,302.03,11.05,D
-13.78229,-52.80964,315.73,1.1,1.05,2026-06-04,1900,A,62,6.1NRT,303.06,8.68,D
-13.72905,-53.01648,313.42,1.12,1.06,2026-06-04,1900,A,62,6.1NRT,299.33,7.44,D
-14.24069,-58.68668,317.93,2.9,1.62,2026-06-04,1900,A,64,6.1NRT,293.83,55.75,D
-14.22644,-58.6884,326.26,2.9,1.62,2026-06-04,1900,A,69,6.1NRT,295.72,90.89,D
-14.07381,-58.16406,313.73,2.62,1.55,2026-06-04,1900,A,65,6.1NRT,297.1,32.28,D
-13.69988,-55.67614,316.37,1.65,1.26,2026-06-04,1900,A,70,6.1NRT,299.14,20.63,D
-14.1087,-59.38459,340.42,3.28,1.71,2026-06-04,1900,A,91,6.1NRT,298.13,221.38,D
-14.11192,-59.41348,312.38,3.3,1.72,2026-06-04,1900,A,49,6.1NRT,298.32,36.29,D
-14.09366,-59.38613,314.08,3.28,1.71,2026-06-04,1900,A,68,6.1NRT,298.07,44.37,D
-14.10938,-59.3915,337.38,3.28,1.71,2026-06-04,1900,A,89,6.1NRT,298.53,192.65,D
-14.09433,-59.39303,320.1,3.28,1.71,2026-06-04,1900,A,76,6.1NRT,298.56,75.3,D
-12.01358,-45.34113,309.18,2.04,1.39,2026-06-04,1900,A,57,6.1NRT,292.31,15.13,D
-12.00148,-45.34329,331.25,2.04,1.39,2026-06-04,1900,A,86,6.1NRT,293.1,75.86,D
-12.00461,-45.36124,347.05,2.03,1.39,2026-06-04,1900,A,94,6.1NRT,291.17,148.43,D
-12.01044,-45.34695,310.81,2.04,1.39,2026-06-04,1900,A,63,6.1NRT,292.51,18.63,D
-11.99833,-45.34912,341.38,2.04,1.39,2026-06-04,1900,A,92,6.1NRT,292.38,120.11,D
-12.00134,-45.36709,330.5,2.03,1.39,2026-06-04,1900,A,85,6.1NRT,290.02,73.47,D
-12.41959,-48.72364,316.18,1.17,1.08,2026-06-04,1900,A,66,6.1NRT,303.4,9.05,D
-11.95043,-46.74732,317.95,1.6,1.24,2026-06-04,1900,A,73,6.1NRT,295.71,21.98,D
-12.76399,-52.9766,333.65,1.1,1.04,2026-06-04,1900,A,86,6.1NRT,299.58,32.62,D
-12.76535,-52.98635,320.4,1.1,1.04,2026-06-04,1900,A,75,6.1NRT,298.47,15.16,D
-12.75483,-52.97794,346.08,1.1,1.04,2026-06-04,1900,A,93,6.1NRT,300.1,56,D
-12.75619,-52.98769,311.23,1.1,1.04,2026-06-04,1900,A,39,6.1NRT,297.2,5.88,D
-11.89131,-47.59637,311.18,1.39,1.17,2026-06-04,1900,A,56,6.1NRT,298.84,7.32,D
-12.11074,-50.02319,311.07,1.04,1.02,2026-06-04,1900,A,52,6.1NRT,299.13,5.66,D
-11.96269,-49.29312,311.72,1.11,1.05,2026-06-04,1900,A,49,6.1NRT,299.24,5.24,D
-11.9642,-49.30293,322.62,1.11,1.05,2026-06-04,1900,A,76,6.1NRT,300.76,16.73,D
-12.22265,-51.01622,310.37,1,1,2026-06-04,1900,A,50,6.1NRT,299.32,3.94,D
-12.74736,-54.73111,312.57,1.37,1.16,2026-06-04,1900,A,60,6.1NRT,299.5,9.48,D
-11.95349,-49.29461,338.5,1.11,1.05,2026-06-04,1900,A,89,6.1NRT,301.43,39.4,D
-11.95501,-49.30442,361.03,1.11,1.05,2026-06-04,1900,A,100,6.1NRT,304.09,95.74,D
-12.73557,-54.72045,350.48,1.37,1.16,2026-06-04,1900,A,96,6.1NRT,299.37,91.08,D
-12.7372,-54.73262,396.01,1.37,1.16,2026-06-04,1900,A,100,6.1NRT,306.34,355.71,D
-12.73885,-54.74488,334.94,1.37,1.16,2026-06-04,1900,A,87,6.1NRT,301.54,46.27,D
-12.67732,-54.58668,312.58,1.34,1.15,2026-06-04,1900,A,47,6.1NRT,300.98,9.16,D
-11.58267,-47.26136,315.79,1.49,1.2,2026-06-04,1900,A,60,6.1NRT,292.1,16.67,D
-12.12146,-51.0741,315.29,1,1,2026-06-04,1900,A,61,6.1NRT,299.12,7.05,D
-12.12277,-51.08302,324,1,1,2026-06-04,1900,A,78,6.1NRT,299.82,15.24,D
-12.11269,-51.07547,320.8,1,1,2026-06-04,1900,A,70,6.1NRT,298.85,11.7,D
-12.11401,-51.08438,334.12,1,1,2026-06-04,1900,A,86,6.1NRT,299.86,27.53,D
-11.83329,-49.65503,315.27,1.08,1.04,2026-06-04,1900,A,65,6.1NRT,302.29,5.49,D
-12.09682,-51.98571,328.13,1.01,1.01,2026-06-04,1900,A,82,6.1NRT,299.12,20.5,D
-12.09813,-51.99475,342.36,1.01,1.01,2026-06-04,1900,A,91,6.1NRT,301.58,42.02,D
-12.09944,-52.0038,326.79,1.02,1.01,2026-06-04,1900,A,81,6.1NRT,301.27,19.32,D
-12.08801,-51.98706,341,1.01,1.01,2026-06-04,1900,A,91,6.1NRT,301.53,39.1,D
-12.08931,-51.9961,355.15,1.01,1.01,2026-06-04,1900,A,98,6.1NRT,302.44,68.61,D
-12.09062,-52.00515,329.32,1.02,1.01,2026-06-04,1900,A,83,6.1NRT,300.25,22.16,D
-12.5642,-55.75591,313.69,1.61,1.25,2026-06-04,1900,A,34,6.1NRT,297.77,10.01,D
-10.98875,-45.61551,320.64,2.03,1.39,2026-06-04,1900,A,77,6.1NRT,293.93,45.3,D
-10.99179,-45.63353,313.03,2.02,1.39,2026-06-04,1900,A,48,6.1NRT,289.49,28.23,D
-11.44814,-49.49372,320.6,1.1,1.05,2026-06-04,1900,A,74,6.1NRT,301.44,13.56,D
-12.17846,-54.53207,309.27,1.31,1.13,2026-06-04,1900,A,52,6.1NRT,296.89,6.81,D
-12.18005,-54.54365,325.12,1.31,1.13,2026-06-04,1900,A,80,6.1NRT,299.67,27.76,D
-12.15286,-54.64329,311.89,1.33,1.14,2026-06-04,1900,A,61,6.1NRT,297.97,9.91,D
-12.15445,-54.65516,323.51,1.33,1.14,2026-06-04,1900,A,79,6.1NRT,299.64,25.75,D
-10.93333,-46.94597,320.62,1.61,1.25,2026-06-04,1900,A,70,6.1NRT,300.45,22.32,D
-10.75115,-46.54582,316.31,1.74,1.29,2026-06-04,1900,A,71,6.1NRT,296.88,19.91,D
-10.75369,-46.56105,331.75,1.73,1.29,2026-06-04,1900,A,86,6.1NRT,295.98,57.81,D
-12.44781,-58.40934,373.74,2.58,1.54,2026-06-04,1900,A,100,6.1NRT,299.79,494.64,D
-12.45059,-58.43249,341.19,2.6,1.55,2026-06-04,1900,A,91,6.1NRT,297.16,154.25,D
-10.74241,-46.56284,310.69,1.73,1.29,2026-06-04,1900,A,46,6.1NRT,294.68,9.44,D
-12.43423,-58.41078,345.81,2.58,1.54,2026-06-04,1900,A,93,6.1NRT,297.91,191.61,D
-12.44528,-58.50374,383.05,2.63,1.56,2026-06-04,1900,A,100,6.1NRT,299.59,648.79,D
-12.45391,-58.41341,351.08,2.58,1.54,2026-06-04,1900,A,96,6.1NRT,297.38,231.2,D
-12.44033,-58.41489,366.34,2.58,1.54,2026-06-04,1900,A,100,6.1NRT,299.66,391.75,D
-12.43548,-58.48569,395.14,2.62,1.55,2026-06-04,1900,A,100,6.1NRT,300.83,888.5,D
-12.43846,-58.50937,330.45,2.63,1.56,2026-06-04,1900,A,79,6.1NRT,297.49,96.13,D
-12.23029,-57.27153,318.52,2.08,1.4,2026-06-04,1900,A,69,6.1NRT,296.13,32.11,D
-12.23262,-57.2901,322.42,2.09,1.41,2026-06-04,1900,A,78,6.1NRT,297.93,42.89,D
-11.35286,-51.13959,311.82,1,1,2026-06-04,1900,A,56,6.1NRT,299.57,5.32,D
-11.35418,-51.14849,314.69,1,1,2026-06-04,1900,A,64,6.1NRT,298.9,7.51,D
-11.55602,-52.78555,326.27,1.05,1.03,2026-06-04,1900,A,81,6.1NRT,302.06,18.98,D
-11.55736,-52.79493,315.9,1.06,1.03,2026-06-04,1900,A,63,6.1NRT,303.36,8.62,D
-11.33567,-51.3876,326.59,1,1,2026-06-04,1900,A,80,6.1NRT,300.61,17.98,D
-11.33698,-51.39648,324.24,1,1,2026-06-04,1900,A,78,6.1NRT,302.24,15.11,D
-10.58102,-46.7719,321.19,1.68,1.27,2026-06-04,1900,A,77,6.1NRT,297.56,26.72,D
-10.57936,-46.76249,312.39,1.68,1.28,2026-06-04,1900,A,64,6.1NRT,297.28,11.31,D
-10.58175,-46.77742,316.7,1.68,1.27,2026-06-04,1900,A,72,6.1NRT,296.76,19.38,D
-11.63753,-54.15858,314.76,1.22,1.1,2026-06-04,1900,A,67,6.1NRT,300.74,11.2,D
-11.5727,-54.58371,315.72,1.29,1.13,2026-06-04,1900,A,50,6.1NRT,298.26,13.33,D
-11.57264,-54.58924,314.76,1.29,1.13,2026-06-04,1900,A,44,6.1NRT,297.78,12.25,D
-11.63387,-55.17997,318.3,1.42,1.18,2026-06-04,1900,A,73,6.1NRT,300.59,18.41,D
-11.6356,-55.19255,318.86,1.42,1.18,2026-06-04,1900,A,74,6.1NRT,299.43,19.52,D
-10.26674,-46.33637,328.78,1.84,1.33,2026-06-04,1900,A,83,6.1NRT,291.24,52.84,D
-10.26943,-46.35259,321.71,1.83,1.33,2026-06-04,1900,A,62,6.1NRT,295.19,33.34,D
-11.00065,-50.99308,331.3,1.01,1,2026-06-04,1900,A,84,6.1NRT,300.65,23.72,D
-11.00198,-51.00201,345.23,1.01,1,2026-06-04,1900,A,93,6.1NRT,301.16,45.94,D
-11.61302,-55.33866,357.25,1.45,1.19,2026-06-04,1900,A,98,6.1NRT,300.29,127.33,D
-11.61475,-55.35163,312.8,1.46,1.19,2026-06-04,1900,A,35,6.1NRT,296.18,9.24,D
-10.25785,-46.35439,363.61,1.83,1.33,2026-06-04,1900,A,100,6.1NRT,295.51,220.17,D
-11.60087,-55.32721,317.24,1.45,1.19,2026-06-04,1900,A,71,6.1NRT,296.73,17.26,D
-11.60258,-55.34012,335.56,1.45,1.19,2026-06-04,1900,A,88,6.1NRT,298.89,54.22,D
-10.97829,-51.02394,348.55,1.01,1,2026-06-04,1900,A,95,6.1NRT,299.84,52.28,D
-10.96475,-51.01449,311.88,1.01,1,2026-06-04,1900,A,55,6.1NRT,299.08,5.29,D
-10.96607,-51.02342,317.3,1.01,1,2026-06-04,1900,A,69,6.1NRT,298.84,9.78,D
-11.89533,-57.83783,321.9,2.28,1.46,2026-06-04,1900,A,44,6.1NRT,296.45,45.33,D
-11.8825,-57.83936,322.63,2.28,1.46,2026-06-04,1900,A,69,6.1NRT,296.89,48.79,D
-10.44758,-47.95043,310.76,1.39,1.17,2026-06-04,1900,A,30,6.1NRT,289.19,8.99,D
-11.34282,-53.95875,311.59,1.18,1.08,2026-06-04,1900,A,56,6.1NRT,297.78,6.76,D
-11.34427,-53.96922,318.61,1.18,1.08,2026-06-04,1900,A,73,6.1NRT,298.03,14.15,D
-11.83082,-58.14674,310.4,2.41,1.5,2026-06-04,1900,A,58,6.1NRT,296.18,20.43,D
-10.63119,-50.07883,321.51,1.07,1.03,2026-06-04,1900,A,39,6.1NRT,299.3,13.26,D
-10.62359,-50.08968,321.61,1.06,1.03,2026-06-04,1900,A,61,6.1NRT,299.23,13.48,D
-10.61458,-50.0911,327.92,1.06,1.03,2026-06-04,1900,A,54,6.1NRT,299.73,20.02,D
-10.60557,-50.09253,327.54,1.06,1.03,2026-06-04,1900,A,75,6.1NRT,299.26,20.33,D
-11.32551,-55.25494,312.96,1.42,1.18,2026-06-04,1900,A,54,6.1NRT,299.21,8.74,D
-11.32721,-55.2676,316.48,1.42,1.18,2026-06-04,1900,A,68,6.1NRT,298.56,13.13,D
-10.01133,-46.81874,317.09,1.71,1.28,2026-06-04,1900,A,70,6.1NRT,298.8,16.67,D
-10.26005,-48.44803,314.21,1.3,1.13,2026-06-04,1900,A,57,6.1NRT,297.25,9.24,D
-10.39596,-49.44543,327.37,1.14,1.06,2026-06-04,1900,A,81,6.1NRT,299.27,22.71,D
-10.38666,-49.44691,340.77,1.14,1.06,2026-06-04,1900,A,91,6.1NRT,300.17,45.72,D
-10.38821,-49.45692,314.6,1.14,1.06,2026-06-04,1900,A,41,6.1NRT,297.51,7.03,D
-11.03433,-54.32138,311.89,1.23,1.1,2026-06-04,1900,A,38,6.1NRT,298.08,7.54,D
-10.86058,-53.73357,323.78,1.14,1.06,2026-06-04,1900,A,36,6.1NRT,297.62,16.49,D
-10.86199,-53.74359,322.97,1.14,1.06,2026-06-04,1900,A,42,6.1NRT,298.93,14.89,D
-10.9074,-54.13726,311.82,1.19,1.09,2026-06-04,1900,A,59,6.1NRT,294.38,8.39,D
-9.71437,-46.34861,312.98,1.88,1.34,2026-06-04,1900,A,64,6.1NRT,295.99,16.11,D
-10.1459,-49.15141,317.74,1.19,1.08,2026-06-04,1900,A,70,6.1NRT,300.9,11.21,D
-10.14755,-49.16192,314.03,1.18,1.08,2026-06-04,1900,A,62,6.1NRT,300.96,6.69,D
-10.81232,-54.1899,310.31,1.2,1.09,2026-06-04,1900,A,58,6.1NRT,296.79,6.91,D
-10.47273,-51.92506,322.03,1,1,2026-06-04,1900,A,75,6.1NRT,301.1,11.01,D
-10.78019,-54.09761,318.75,1.18,1.08,2026-06-04,1900,A,63,6.1NRT,299.6,14.04,D
-10.46396,-51.92639,321.3,1,1,2026-06-04,1900,A,74,6.1NRT,300.05,10.18,D
-10.77071,-54.09897,320.69,1.18,1.08,2026-06-04,1900,A,76,6.1NRT,298.01,16.72,D
-10.77214,-54.10943,313.32,1.19,1.08,2026-06-04,1900,A,38,6.1NRT,299.5,8.49,D
-9.75737,-47.87584,312.54,1.44,1.19,2026-06-04,1900,A,31,6.1NRT,298.49,8.11,D
-10.60161,-53.47041,319.27,1.1,1.05,2026-06-04,1900,A,74,6.1NRT,300.49,12.94,D
-10.60297,-53.48014,331.25,1.1,1.05,2026-06-04,1900,A,85,6.1NRT,301.1,28.44,D
-11.06146,-56.91275,312.96,1.87,1.34,2026-06-04,1900,A,22,6.1NRT,295.87,14.25,D
-11.06357,-56.92929,327.21,1.87,1.34,2026-06-04,1900,A,82,6.1NRT,295.84,49.35,D
-9.75049,-47.88345,314.9,1.44,1.19,2026-06-04,1900,A,52,6.1NRT,299.3,11.36,D
-11.05373,-56.92065,327.03,1.87,1.34,2026-06-04,1900,A,82,6.1NRT,296.95,49.7,D
-9.52488,-46.88596,316.14,1.72,1.29,2026-06-04,1900,A,67,6.1NRT,296.22,17.75,D
-9.52732,-46.90087,319.62,1.72,1.29,2026-06-04,1900,A,73,6.1NRT,295.81,24.6,D
-9.73311,-48.42887,312.7,1.33,1.14,2026-06-04,1900,A,57,6.1NRT,298.49,8,D
-9.63045,-48.36761,316.76,1.34,1.15,2026-06-04,1900,A,67,6.1NRT,299.76,12.46,D
-9.6075,-48.28637,316.4,1.36,1.16,2026-06-04,1900,A,67,6.1NRT,300.11,12.69,D
-10.08283,-52.16856,318.9,1.01,1,2026-06-04,1900,A,69,6.1NRT,297.94,10.04,D
-10.08412,-52.17746,331.7,1.01,1,2026-06-04,1900,A,85,6.1NRT,299.21,24.67,D
-9.60727,-49.31741,313.56,1.18,1.08,2026-06-04,1900,A,46,6.1NRT,299.15,7.27,D
-9.6024,-49.32489,315.89,1.18,1.08,2026-06-04,1900,A,66,6.1NRT,299.17,9.85,D
-9.39563,-48.44252,313.93,1.34,1.15,2026-06-04,1900,A,55,6.1NRT,297.33,8.17,D
-9.34327,-48.29772,316.78,1.37,1.16,2026-06-04,1900,A,69,6.1NRT,299.34,12.66,D
-10.57654,-57.32518,317.85,1.98,1.37,2026-06-04,1900,A,69,6.1NRT,291.87,33.8,D
-9.12255,-47.95817,316.78,1.46,1.19,2026-06-04,1900,A,68,6.1NRT,298.52,16.59,D
-8.92703,-46.83488,323.06,1.78,1.31,2026-06-04,1900,A,76,6.1NRT,291.31,40.44,D
-8.93014,-46.83978,324.09,1.78,1.31,2026-06-04,1900,A,79,6.1NRT,291.36,44.32,D
-8.65625,-45.76971,309.24,2.19,1.43,2026-06-04,1900,A,51,6.1NRT,291.42,10.24,D
-8.65427,-45.77758,308,2.19,1.43,2026-06-04,1900,A,48,6.1NRT,292.08,7.87,D
-9.13438,-49.34426,316.1,1.19,1.09,2026-06-04,1900,A,68,6.1NRT,299.31,10.28,D
-8.68847,-46.63051,311.88,1.87,1.34,2026-06-04,1900,A,53,6.1NRT,291.14,18.76,D
-8.37614,-46.78564,316.97,1.84,1.33,2026-06-04,1900,A,66,6.1NRT,296.33,19.99,D
-8.37867,-46.80097,315.09,1.83,1.33,2026-06-04,1900,A,57,6.1NRT,295.86,15.28,D
-8.36898,-46.79216,320.63,1.84,1.33,2026-06-04,1900,A,74,6.1NRT,295.54,28.48,D
-8.23975,-46.36604,312.89,2,1.38,2026-06-04,1900,A,60,6.1NRT,294.86,16.99,D
-10.03648,-59.34512,323.58,2.82,1.6,2026-06-04,1900,A,79,6.1NRT,292.69,75.48,D
-8.60845,-49.25267,311.25,1.22,1.1,2026-06-04,1900,A,51,6.1NRT,295.17,6.6,D
-10.02245,-59.34701,312.95,2.82,1.6,2026-06-04,1900,A,44,6.1NRT,292.55,29.8,D
-8.73361,-50.24744,318.45,1.09,1.04,2026-06-04,1900,A,57,6.1NRT,304.06,8.57,D
-8.19051,-46.97924,311.27,1.79,1.31,2026-06-04,1900,A,56,6.1NRT,295.82,11.66,D
-8.26956,-47.61803,313.63,1.6,1.24,2026-06-04,1900,A,54,6.1NRT,296.74,10.85,D
-8.27177,-47.63189,318.64,1.59,1.24,2026-06-04,1900,A,72,6.1NRT,297.72,19.18,D
-8.26093,-47.6337,317.98,1.59,1.24,2026-06-04,1900,A,70,6.1NRT,298,17.43,D
-7.97075,-47.62798,314.64,1.61,1.25,2026-06-04,1900,A,65,6.1NRT,295.55,14.07,D
-8.52207,-51.54589,318.48,1.01,1,2026-06-04,1900,A,64,6.1NRT,297.36,10.41,D
-8.52338,-51.55476,344.35,1.01,1,2026-06-04,1900,A,93,6.1NRT,299.91,45.29,D
-7.81364,-48.17047,315.16,1.48,1.2,2026-06-04,1900,A,64,6.1NRT,298.46,11.14,D
-9.19422,-58.06934,312.33,2.15,1.43,2026-06-04,1900,A,61,6.1NRT,292.58,20.92,D
-9.18935,-58.05776,323.07,2.15,1.42,2026-06-04,1900,A,79,6.1NRT,292.78,51.51,D
-7.47619,-48.13703,314.31,1.51,1.21,2026-06-04,1900,A,61,6.1NRT,299.41,9.97,D
-8.3827,-54.74632,310.1,1.21,1.09,2026-06-04,1900,A,51,6.1NRT,294.6,5.6,D
-7.49496,-49.29102,316.93,1.26,1.12,2026-06-04,1900,A,69,6.1NRT,298.71,10.14,D
-6.71851,-45.45285,319.01,2.53,1.53,2026-06-04,1900,A,72,6.1NRT,294.64,43.35,D
-6.99331,-47.72361,331.4,1.65,1.26,2026-06-04,1900,A,84,6.1NRT,297.79,49.34,D
-6.89892,-47.27729,315.45,1.79,1.31,2026-06-04,1900,A,64,6.1NRT,298.52,14.2,D
-6.75748,-46.51768,313.55,2.07,1.4,2026-06-04,1900,A,61,6.1NRT,296.24,16.51,D
-6.76027,-46.53542,315.21,2.07,1.4,2026-06-04,1900,A,65,6.1NRT,297.05,19.78,D
-6.85276,-47.9325,344.1,1.6,1.25,2026-06-04,1900,A,92,6.1NRT,300.19,85.1,D
-6.85493,-47.94632,351.59,1.6,1.24,2026-06-04,1900,A,96,6.1NRT,300.65,115.07,D
-6.84406,-47.94802,315.48,1.6,1.24,2026-06-04,1900,A,63,6.1NRT,299.31,11.97,D
-38.36204,-72.01962,304.53,1.14,1.06,2026-06-04,2029,A,59,6.1NRT,284.73,10.01,D
-38.36364,-72.03242,313.39,1.14,1.06,2026-06-04,2029,A,74,6.1NRT,285.73,17.44,D
-38.27831,-73.09293,312.56,1.26,1.12,2026-06-04,2029,A,73,6.1NRT,284.64,19.46,D
-37.50822,-71.95042,301.24,1.11,1.05,2026-06-04,2029,A,45,6.1NRT,286.15,6.75,D
-39.20393,-73.09904,320.16,1.3,1.13,2026-06-04,2029,A,80,6.1NRT,286.29,29.53,D
-37.5098,-71.96282,302.5,1.11,1.05,2026-06-04,2029,A,50,6.1NRT,285.84,7.73,D
-37.28546,-72.52983,301.22,1.16,1.07,2026-06-04,2029,A,45,6.1NRT,285.77,6.96,D
-37.28704,-72.54275,342.66,1.16,1.07,2026-06-04,2029,A,93,6.1NRT,289.05,62.18,D
-37.27752,-72.54446,333.47,1.16,1.07,2026-06-04,2029,A,88,6.1NRT,287.6,43.7,D
-31.94262,-68.53597,300.15,1.13,1.06,2026-06-04,2032,A,30,6.1NRT,284.31,6.84,D
-13.78864,-76.17203,315.84,1.01,1.01,2026-06-04,2036,A,50,6.1NRT,300.79,5.65,D
-8.71363,-68.97079,313.59,2.84,1.61,2026-06-04,2036,A,69,6.1NRT,292.6,39.98,D
-7.94294,-71.47122,325.1,1.86,1.33,2026-06-04,2036,A,82,6.1NRT,293.94,47.42,D
-7.9586,-77.93513,304.36,1.04,1.02,2026-06-04,2038,A,25,6.1NRT,284.77,5.51,D
-6.56791,-76.37901,309.39,1.02,1.01,2026-06-04,2038,A,65,6.1NRT,294.02,5.04,D
-6.60378,-79.88952,314.25,1.23,1.1,2026-06-04,2038,A,65,6.1NRT,294.17,7.95,D
-5.71084,-77.52572,305.04,1,1,2026-06-04,2038,A,60,6.1NRT,290.86,4.23,D
-21.81196,-49.12017,306.68,1.04,1.02,2026-06-05,0024,T,69,6.1NRT,289.41,8.87,N
-19.74741,-53.54705,304.66,1.18,1.08,2026-06-05,0024,T,34,6.1NRT,290.49,8.19,N
-21.2753,-48.61395,309.71,1.1,1.04,2026-06-05,0024,T,78,6.1NRT,287.82,12.96,N
-19.73651,-53.53739,307.03,1.18,1.08,2026-06-05,0024,T,68,6.1NRT,290.19,9.79,N
-21.27684,-48.62417,307.47,1.09,1.04,2026-06-05,0024,T,72,6.1NRT,286.52,11.17,N
-19.73785,-53.54835,346.6,1.18,1.08,2026-06-05,0024,T,100,6.1NRT,292.73,71.43,N
-19.73921,-53.55945,305.46,1.18,1.08,2026-06-05,0024,T,45,6.1NRT,290.66,8.6,N
-21.19763,-48.2684,313.36,1.13,1.06,2026-06-05,0024,T,87,6.1NRT,288.42,16.61,N
-19.72802,-54.65409,312.95,1.36,1.16,2026-06-05,0024,T,86,6.1NRT,289.94,19.66,N
-21.22584,-48.96249,312.76,1.07,1.03,2026-06-05,0024,T,86,6.1NRT,288.86,14.75,N
-19.71776,-54.65533,309.83,1.36,1.16,2026-06-05,0024,T,78,6.1NRT,289.29,16.49,N
-18.5458,-58.60873,311.66,2.56,1.54,2026-06-05,0024,T,83,6.1NRT,291.09,42.35,N
-18.53217,-58.61015,310.37,2.56,1.54,2026-06-05,0024,T,80,6.1NRT,290.48,38.49,N
-18.53594,-58.59129,309.77,2.55,1.54,2026-06-05,0024,T,78,6.1NRT,290.99,38.97,N
-18.53841,-58.61502,314.17,2.56,1.54,2026-06-05,0024,T,89,6.1NRT,290.79,52.15,N
-18.39369,-59.0601,304.63,2.76,1.59,2026-06-05,0026,T,50,6.1NRT,291.11,27.85,N
-18.3863,-59.04054,302.94,2.75,1.59,2026-06-05,0026,T,52,6.1NRT,290.5,25.14,N
-18.38888,-59.06605,321.03,2.76,1.59,2026-06-05,0026,T,100,6.1NRT,291.68,87.01,N
-18.39146,-59.09166,303.04,2.78,1.59,2026-06-05,0026,T,53,6.1NRT,290.83,24.97,N
-18.37479,-59.0675,312.6,2.76,1.59,2026-06-05,0026,T,85,6.1NRT,290.64,52.17,N
-18.37735,-59.09313,322.58,2.78,1.59,2026-06-05,0026,T,100,6.1NRT,291.54,91.75,N
-17.67571,-60.75496,305.35,3.66,1.79,2026-06-05,0026,T,64,6.1NRT,290.94,48.59,N
-17.49547,-59.48404,303.81,2.9,1.62,2026-06-05,0026,T,20,6.1NRT,290.9,25.96,N
-17.49809,-59.51047,318.07,2.91,1.63,2026-06-05,0026,T,96,6.1NRT,291.77,77.88,N
-17.50073,-59.53706,309.02,2.93,1.63,2026-06-05,0026,T,76,6.1NRT,291.03,42.55,N
-17.50338,-59.56383,310.8,2.94,1.63,2026-06-05,0026,T,81,6.1NRT,290.66,49.7,N
-17.48372,-59.51219,306.18,2.91,1.63,2026-06-05,0026,T,45,6.1NRT,290.46,33.14,N
-17.48633,-59.53892,314.63,2.93,1.63,2026-06-05,0026,T,90,6.1NRT,290.46,62.29,N
-17.48895,-59.56569,313.52,2.94,1.63,2026-06-05,0026,T,87,6.1NRT,289.68,57.44,N
-17.48381,-59.54586,309.45,2.93,1.63,2026-06-05,0026,T,26,6.1NRT,289.98,41.23,N
-16.60129,-58.241,316.64,2.25,1.45,2026-06-05,0026,T,94,6.1NRT,292.3,49.78,N
-16.59966,-58.22692,304.42,2.24,1.45,2026-06-05,0026,T,60,6.1NRT,291.75,20.65,N
-16.60198,-58.24763,309.97,2.25,1.45,2026-06-05,0026,T,79,6.1NRT,292.02,32.92,N
-16.55663,-59.30966,301.3,2.73,1.58,2026-06-05,0026,T,40,6.1NRT,290.53,18.64,N
-16.54885,-59.29226,303.12,2.71,1.58,2026-06-05,0026,T,17,6.1NRT,290.52,20.95,N
-16.46761,-59.32605,303.82,2.73,1.58,2026-06-05,0026,T,57,6.1NRT,290.64,24.84,N
-16.56831,-60.83445,302.08,3.6,1.78,2026-06-05,0026,T,47,6.1NRT,290.46,32.76,N
-16.55811,-60.84094,306.37,3.6,1.78,2026-06-05,0026,T,68,6.1NRT,290.68,52.26,N
-16.41326,-59.54177,328.96,2.83,1.61,2026-06-05,0026,T,100,6.1NRT,291.84,127.09,N
-16.41595,-59.56799,309.05,2.84,1.61,2026-06-05,0026,T,76,6.1NRT,290.72,41.75,N
-16.1482,-58.49842,306.02,2.32,1.47,2026-06-05,0026,T,67,6.1NRT,291.55,23.65,N
-16.12215,-58.50148,303.59,2.32,1.47,2026-06-05,0026,T,56,6.1NRT,291.43,19.09,N
-14.77336,-52.67719,320.4,1.01,1.01,2026-06-05,0026,T,100,6.1NRT,291.23,19.46,N
-14.04649,-53.36584,303.27,1.04,1.02,2026-06-05,0026,T,54,6.1NRT,291.24,6.02,N
-14.09178,-54.33921,331.33,1.13,1.06,2026-06-05,0026,T,100,6.1NRT,293.85,36.79,N
-14.30315,-58.63993,300.5,2.24,1.45,2026-06-05,0026,T,29,6.1NRT,290,13.27,N
-13.51765,-54.31096,330.83,1.11,1.05,2026-06-05,0026,T,100,6.1NRT,293.7,35.05,N
-14.09767,-59.38168,302.92,2.55,1.54,2026-06-05,0026,T,52,6.1NRT,289.81,23.8,N
-14.10011,-59.40435,300.03,2.56,1.54,2026-06-05,0026,T,11,6.1NRT,289.95,17.54,N
-14.1034,-59.38641,302.36,2.55,1.54,2026-06-05,0026,T,29,6.1NRT,289.36,19.91,N
-12.0638,-48.07982,301.73,1.58,1.24,2026-06-05,0026,T,44,6.1NRT,290.63,8.4,N
-12.80971,-54.85899,309.04,1.16,1.07,2026-06-05,0026,T,76,6.1NRT,292.15,10.81,N
-12.81108,-54.86942,309.17,1.16,1.07,2026-06-05,0026,T,77,6.1NRT,291.94,10.89,N
-12.73422,-54.72174,312.87,1.14,1.07,2026-06-05,0026,T,86,6.1NRT,293.19,12.66,N
-12.73554,-54.73199,329,1.14,1.07,2026-06-05,0026,T,100,6.1NRT,294.68,32.6,N
-12.73687,-54.74229,308.49,1.15,1.07,2026-06-05,0026,T,75,6.1NRT,293.26,9.22,N
-12.72614,-54.73335,304.11,1.14,1.07,2026-06-05,0026,T,58,6.1NRT,292.44,5.99,N
-12.72747,-54.74365,304.96,1.15,1.07,2026-06-05,0026,T,62,6.1NRT,292.25,6.68,N
-11.03544,-44.33641,302.08,3.23,1.7,2026-06-05,0026,T,32,6.1NRT,289.26,21.28,N
-11.03194,-44.31297,301.87,3.25,1.7,2026-06-05,0026,T,45,6.1NRT,289.29,22.95,N
-11.03671,-44.34154,300.18,3.23,1.7,2026-06-05,0026,T,20,6.1NRT,289.29,18.37,N
-11.54055,-48.27337,309.18,1.56,1.23,2026-06-05,0026,T,77,6.1NRT,287.72,17.5,N
-12.09013,-51.98743,310.48,1.01,1,2026-06-05,0026,T,80,6.1NRT,292.46,9.84,N
-12.0914,-51.99647,310.7,1.01,1,2026-06-05,0026,T,81,6.1NRT,292.46,10.29,N
-12.09266,-52.00551,303.81,1.01,1,2026-06-05,0026,T,57,6.1NRT,291.15,5.71,N
-12.31557,-54.11829,339.91,1.07,1.03,2026-06-05,0026,T,100,6.1NRT,292.63,47.66,N
-12.31684,-54.12785,318.27,1.07,1.03,2026-06-05,0026,T,97,6.1NRT,292,17.6,N
-11.38816,-47.81391,302.23,1.7,1.28,2026-06-05,0026,T,48,6.1NRT,289.31,9.96,N
-12.45264,-58.40699,302.48,2.02,1.38,2026-06-05,0026,T,27,6.1NRT,291.73,10.35,N
-12.4404,-58.40829,317.31,2.02,1.38,2026-06-05,0026,T,95,6.1NRT,292.72,40.12,N
-12.44251,-58.42657,309.51,2.02,1.39,2026-06-05,0026,T,78,6.1NRT,291.91,22.89,N
-12.4467,-58.46301,312.77,2.04,1.39,2026-06-05,0026,T,37,6.1NRT,292.58,26.92,N
-12.44876,-58.4809,323.16,2.04,1.39,2026-06-05,0026,T,100,6.1NRT,293.46,55.94,N
-12.4509,-58.49943,305.44,2.05,1.39,2026-06-05,0026,T,51,6.1NRT,291.91,14.92,N
-12.43648,-58.48244,335.09,2.04,1.39,2026-06-05,0026,T,100,6.1NRT,294.58,98.61,N
-12.43859,-58.50095,309.81,2.05,1.39,2026-06-05,0026,T,78,6.1NRT,292.54,23.27,N
-12.44337,-58.46965,320.35,2.04,1.39,2026-06-05,0026,T,100,6.1NRT,293.36,45.34,N
-12.44557,-58.48768,327.94,2.04,1.39,2026-06-05,0026,T,100,6.1NRT,293.64,70.9,N
-12.43328,-58.48915,323.26,2.04,1.39,2026-06-05,0026,T,100,6.1NRT,293.75,56.8,N
-12.22663,-57.27122,302.72,1.64,1.26,2026-06-05,0026,T,51,6.1NRT,291.96,8.85,N
-12.2284,-57.28592,304.52,1.64,1.26,2026-06-05,0026,T,60,6.1NRT,291.84,11.12,N
-11.56612,-52.79399,308.57,1,1,2026-06-05,0026,T,75,6.1NRT,293.32,7.12,N
-11.56736,-52.80293,338.18,1,1,2026-06-05,0026,T,100,6.1NRT,294.9,39.21,N
-11.55731,-52.79527,354.99,1,1,2026-06-05,0026,T,100,6.1NRT,296.06,72.03,N
-11.55854,-52.80421,408.81,1,1,2026-06-05,0026,T,100,6.1NRT,305.51,308.01,N
-11.55977,-52.81316,328.81,1,1,2026-06-05,0026,T,100,6.1NRT,295.46,25.33,N
-11.54849,-52.79654,340.55,1,1,2026-06-05,0026,T,100,6.1NRT,294.39,42.8,N
-11.54972,-52.80549,391.22,1,1,2026-06-05,0026,T,100,6.1NRT,300,202.91,N
-11.55095,-52.81443,327.54,1,1,2026-06-05,0026,T,100,6.1NRT,294.98,24.03,N
-11.3328,-51.39127,305.75,1.05,1.02,2026-06-05,0026,T,66,6.1NRT,292.79,6.72,N
-11.5772,-54.58202,324.22,1.1,1.05,2026-06-05,0026,T,100,6.1NRT,291.83,25.02,N
-11.60915,-55.33803,322.19,1.2,1.09,2026-06-05,0026,T,100,6.1NRT,294.84,24.77,N
-11.61052,-55.34876,307.93,1.2,1.09,2026-06-05,0026,T,73,6.1NRT,293.6,9.31,N
-11.59955,-55.33932,320.06,1.2,1.09,2026-06-05,0026,T,100,6.1NRT,294.21,21.56,N
-11.88262,-57.82592,303.86,1.78,1.31,2026-06-05,0026,T,57,6.1NRT,291.08,12,N
-11.27375,-53.96629,302.59,1.04,1.02,2026-06-05,0026,T,50,6.1NRT,292.19,4.79,N
-10.38898,-49.44779,324.04,1.35,1.15,2026-06-05,0026,T,100,6.1NRT,294.23,32.7,N
-11.07075,-54.51379,316.25,1.08,1.04,2026-06-05,0026,T,93,6.1NRT,292.32,15.7,N
-11.01682,-54.31665,304.18,1.06,1.03,2026-06-05,0026,T,59,6.1NRT,291.94,5.41,N
-11.00649,-54.30841,317.75,1.06,1.03,2026-06-05,0026,T,96,6.1NRT,292.67,16.09,N
-11.00774,-54.31792,303.87,1.06,1.03,2026-06-05,0026,T,57,6.1NRT,291.82,5,N
-10.86579,-53.73874,306.8,1.02,1.01,2026-06-05,0026,T,45,6.1NRT,292.03,6.29,N
-10.91,-54.13647,311.1,1.05,1.02,2026-06-05,0026,T,82,6.1NRT,292.7,10.19,N
-11.05302,-56.92897,306.22,1.49,1.2,2026-06-05,0026,T,67,6.1NRT,291.53,10.61,N
-11.05742,-56.92069,307.22,1.48,1.2,2026-06-05,0026,T,71,6.1NRT,291.66,12.21,N
-10.59979,-55.42306,303.95,1.18,1.08,2026-06-05,0026,T,58,6.1NRT,292.3,5.98,N
-9.76632,-50.01568,312.52,1.27,1.12,2026-06-05,0026,T,85,6.1NRT,292.75,14.61,N
-10.57261,-57.3173,306.16,1.56,1.23,2026-06-05,0026,T,67,6.1NRT,292.29,11.6,N
-10.57433,-57.33131,301.99,1.57,1.23,2026-06-05,0026,T,46,6.1NRT,291.75,7.05,N
-9.89505,-52.44397,302.68,1.01,1.01,2026-06-05,0026,T,51,6.1NRT,292.16,4.14,N
-9.37339,-50.54192,323.06,1.2,1.09,2026-06-05,0028,T,100,6.1NRT,293.62,25.79,N
-8.72482,-48.3168,300.64,1.73,1.29,2026-06-05,0028,T,17,6.1NRT,288.53,6.23,N
-8.72715,-48.33221,346.36,1.73,1.29,2026-06-05,0028,T,100,6.1NRT,291.75,121.38,N
-8.72946,-48.34752,309.39,1.72,1.29,2026-06-05,0028,T,77,6.1NRT,290.69,18.44,N
-10.03321,-59.35061,303.17,2.2,1.44,2026-06-05,0028,T,52,6.1NRT,288.92,14.31,N
-7.96049,-46.84493,301.74,2.33,1.48,2026-06-05,0028,T,44,6.1NRT,290.49,10.55,N
-8.66013,-54.72546,306.07,1.06,1.03,2026-06-05,0028,T,67,6.1NRT,291.89,6.01,N
-8.04988,-50.68081,303.14,1.22,1.1,2026-06-05,0028,T,53,6.1NRT,292.44,5.93,N
-7.46296,-49.74264,305.77,1.43,1.18,2026-06-05,0028,T,66,6.1NRT,291.11,10.04,N
-7.35184,-49.82972,305.77,1.41,1.18,2026-06-05,0028,T,63,6.1NRT,291.78,8.14,N
-7.34149,-49.83127,322.12,1.41,1.18,2026-06-05,0028,T,100,6.1NRT,291.66,30.2,N
-7.34335,-49.84373,309.88,1.41,1.18,2026-06-05,0028,T,79,6.1NRT,291.4,12.77,N
-6.84577,-47.9416,302.55,2,1.38,2026-06-05,0028,T,50,6.1NRT,291.24,9.91,N
-7.30927,-55.15318,303.47,1.07,1.03,2026-06-05,0028,T,55,6.1NRT,292.08,4.26,N
-6.57315,-51.10223,348.53,1.21,1.09,2026-06-05,0028,T,100,6.1NRT,293.58,76.49,N
-6.57467,-51.11301,303.53,1.2,1.09,2026-06-05,0028,T,55,6.1NRT,292.21,5.29,N
-5.30418,-47.2355,302.67,2.43,1.5,2026-06-05,0028,T,51,6.1NRT,290.26,15.2,N
-34.10468,-70.45274,303.95,1.05,1.02,2026-06-05,0200,T,58,6.1NRT,281.24,10.12,N
-34.10634,-70.46362,306.92,1.05,1.02,2026-06-05,0200,T,70,6.1NRT,281.38,11.98,N
-13.78835,-76.1721,303.01,1.01,1.01,2026-06-05,0204,T,53,6.1NRT,292.44,5.89,N
-10.5226,-42.37135,302.78,2.09,1.41,2026-06-05,0544,A,51,6.1NRT,288.68,16.36,N
-24.54934,-42.46801,313.61,1.2,1.09,2026-06-05,0548,A,83,6.1NRT,291.91,15.59,N
-24.74767,-42.5089,305.92,1.2,1.09,2026-06-05,0548,A,39,6.1NRT,291.81,7.76,N
-25.65733,-42.86163,310.75,1.21,1.1,2026-06-05,0548,A,72,6.1NRT,293.98,11.79,N
-25.65936,-42.84991,305.23,1.21,1.09,2026-06-05,0548,A,24,6.1NRT,293.89,6.88,N
-6.98479,-42.87752,303.38,2.69,1.57,2026-06-05,0544,A,55,6.1NRT,289.56,19.91,N
-6.56959,-51.10846,301.32,3.66,1.79,2026-06-05,0722,A,40,6.1NRT,287.13,30.13,N
-6.58361,-51.08326,300.99,3.68,1.8,2026-06-05,0722,A,29,6.1NRT,286.66,33.64,N
-10.03521,-59.34356,306.05,1.06,1.03,2026-06-05,0724,A,67,6.1NRT,291.95,7.06,N
-11.55701,-52.7841,300.83,3.21,1.7,2026-06-05,0724,A,34,6.1NRT,289.65,26.25,N
-11.55728,-52.78949,303.92,3.21,1.7,2026-06-05,0724,A,58,6.1NRT,289.77,37.61,N
-12.43982,-58.41117,303.72,1.24,1.11,2026-06-05,0724,A,57,6.1NRT,290.9,8.44,N
-12.4414,-58.40006,301.51,1.25,1.11,2026-06-05,0724,A,42,6.1NRT,290.57,6.67,N
9.61633,-63.71436,312.9,2.6,1.55,2026-06-05,0718,A,80,6.1NRT,271.58,56.39,N
-12.44009,-58.47891,311.82,1.23,1.1,2026-06-05,0724,A,24,6.1NRT,292.53,13.49,N
-12.44288,-58.48514,308.21,1.23,1.1,2026-06-05,0724,A,20,6.1NRT,291.46,10.34,N
-12.44441,-58.47403,307.13,1.24,1.1,2026-06-05,0724,A,28,6.1NRT,292.21,9.64,N
-16.416,-59.54927,319.73,1.2,1.09,2026-06-05,0724,A,99,6.1NRT,290.78,24.12,N
-16.41752,-59.53838,330.09,1.2,1.09,2026-06-05,0724,A,100,6.1NRT,291.93,39.25,N
-16.60527,-58.23563,300.41,1.45,1.19,2026-06-05,0724,A,27,6.1NRT,289.25,8.4,N
-16.46768,-59.31936,303.68,1.24,1.1,2026-06-05,0724,A,51,6.1NRT,289.78,8.89,N
-16.46906,-59.32637,301.92,1.24,1.1,2026-06-05,0724,A,45,6.1NRT,289.84,7.16,N
-16.51562,-59.27533,305.12,1.24,1.11,2026-06-05,0724,A,63,6.1NRT,289.67,10.39,N
-16.55306,-59.29228,302.57,1.24,1.11,2026-06-05,0724,A,50,6.1NRT,289.77,8.51,N
-16.56548,-60.83497,301.01,1.06,1.03,2026-06-05,0724,A,36,6.1NRT,288.82,5.53,N
-16.56686,-60.82537,325.96,1.06,1.03,2026-06-05,0724,A,100,6.1NRT,290.04,27.38,N
-17.49054,-59.55279,324.12,1.23,1.1,2026-06-05,0724,A,100,6.1NRT,289.52,30.86,N
-17.49206,-59.54149,309.12,1.24,1.1,2026-06-05,0724,A,35,6.1NRT,288.21,12.06,N
-17.49359,-59.53022,317.08,1.24,1.11,2026-06-05,0724,A,66,6.1NRT,289.89,20.12,N
-17.49513,-59.51883,315.02,1.24,1.11,2026-06-05,0724,A,32,6.1NRT,290.99,17.58,N
-17.49666,-59.50749,305.12,1.24,1.11,2026-06-05,0724,A,12,6.1NRT,289.86,9.03,N
-17.4982,-59.49605,317.51,1.24,1.11,2026-06-05,0724,A,95,6.1NRT,290.42,22.38,N
-17.50023,-59.55431,325.56,1.23,1.1,2026-06-05,0724,A,100,6.1NRT,289.37,32.76,N
-17.67503,-60.74679,302.75,1.09,1.04,2026-06-05,0724,A,51,6.1NRT,287.59,8.08,N
-17.67643,-60.73683,306.58,1.09,1.04,2026-06-05,0724,A,69,6.1NRT,287.83,10.86,N
-18.10035,-59.57957,301.24,1.25,1.11,2026-06-05,0724,A,39,6.1NRT,286.93,8.47,N
-18.37979,-59.08334,311.66,1.35,1.15,2026-06-05,0724,A,47,6.1NRT,288.51,17.8,N
-18.38305,-59.05841,309.48,1.36,1.15,2026-06-05,0724,A,71,6.1NRT,288.45,15.94,N
-18.38468,-59.04591,303.51,1.36,1.15,2026-06-05,0724,A,29,6.1NRT,288.17,10.35,N
-18.53506,-58.59689,306.1,1.46,1.19,2026-06-05,0724,A,67,6.1NRT,288.71,15.27,N
-17.64552,-65.00682,300.92,1.16,1.07,2026-06-05,0724,A,35,6.1NRT,274.03,11.49,N
-18.14424,-62.65506,301,1,1,2026-06-05,0724,A,36,6.1NRT,289.48,5.63,N
-18.15302,-62.65649,312.2,1,1,2026-06-05,0724,A,84,6.1NRT,290.57,12.55,N
-12.51771,-46.26939,305.76,3.08,1.67,2026-06-05,1115,T,62,6.1NRT,290.96,30.19,D
-12.51807,-46.27699,308.5,3.08,1.67,2026-06-05,1115,T,67,6.1NRT,291.09,37.96,D
-22.9032,-43.73287,306.36,1.29,1.13,2026-06-05,1119,T,57,6.1NRT,290.55,9.27,D
-22.91311,-43.73475,306.55,1.29,1.13,2026-06-05,1119,T,60,6.1NRT,290.5,9.35,D
-24.54657,-42.4753,310.31,1.07,1.03,2026-06-05,1119,T,36,6.1NRT,294.25,9.34,D
-24.54819,-42.46496,312.18,1.07,1.03,2026-06-05,1119,T,53,6.1NRT,294.12,10.85,D
-3.59764,-38.85423,309.75,1.22,1.1,2026-06-05,1113,T,61,6.1NRT,294.29,6.7,D
-5.93622,-43.47687,310.01,2.46,1.51,2026-06-05,1115,T,66,6.1NRT,290.34,23.26,D
-5.93232,-43.48212,311.7,2.46,1.51,2026-06-05,1115,T,69,6.1NRT,290.33,30.28,D
-6.9795,-38.13908,322.21,1.05,1.02,2026-06-05,1115,T,80,6.1NRT,294.41,17.9,D
-9.00576,-45.75853,304.58,3.28,1.71,2026-06-05,1115,T,53,6.1NRT,290.93,20.1,D
-10.51889,-42.38023,307.36,1.67,1.27,2026-06-05,1115,T,47,6.1NRT,290.89,9.27,D
-10.52117,-42.37152,311.34,1.66,1.27,2026-06-05,1115,T,69,6.1NRT,291.79,16.19,D
-6.57881,-51.11473,306.94,4.68,1.98,2026-06-05,1251,T,59,6.1NRT,286.8,39.55,D
-6.58411,-51.0726,306.4,4.71,1.99,2026-06-05,1251,T,58,6.1NRT,287.16,39.16,D
-6.58509,-51.07979,307.47,4.71,1.99,2026-06-05,1251,T,60,6.1NRT,286.98,46.22,D
-17.133,-63.77372,305.19,1,1,2026-06-05,1255,T,55,6.1NRT,294.58,4.07,D
-9.18161,-58.05545,306.65,1.44,1.19,2026-06-05,1251,T,52,6.1NRT,294.99,7.07,D
-10.03401,-59.34514,314.7,1.22,1.1,2026-06-05,1251,T,71,6.1NRT,296.12,12.67,D
-17.62989,-60.74402,308.91,1.24,1.11,2026-06-05,1255,T,67,6.1NRT,292.85,9.76,D
-10.85566,-53.73799,308.72,3.34,1.72,2026-06-05,1251,T,15,6.1NRT,293.84,28.06,D
-18.09992,-59.58253,303.58,1.5,1.21,2026-06-05,1255,T,44,6.1NRT,292.35,7.93,D
-10.87085,-53.73959,312.31,3.34,1.72,2026-06-05,1251,T,56,6.1NRT,294.07,45.35,D
-18.14744,-62.6568,312.93,1.04,1.02,2026-06-05,1255,T,73,6.1NRT,297.57,9.83,D
-10.8688,-53.74504,314.06,3.34,1.72,2026-06-05,1251,T,39,6.1NRT,294.76,51.6,D
-19.17565,-55.1844,311.26,3.34,1.72,2026-06-05,1255,T,68,6.1NRT,296.25,41.4,D
-11.55531,-52.79925,307.17,4.05,1.87,2026-06-05,1253,T,39,6.1NRT,290.65,33.23,D
-19.17307,-55.19088,308.87,3.34,1.72,2026-06-05,1255,T,64,6.1NRT,296.22,32.33,D
-11.5769,-54.57599,309.47,2.93,1.63,2026-06-05,1253,T,59,6.1NRT,295.06,29.76,D
-21.61061,-59.87099,327.69,1.6,1.24,2026-06-05,1257,T,85,6.1NRT,294.06,49.46,D
-11.63418,-55.16941,307.25,2.63,1.56,2026-06-05,1253,T,27,6.1NRT,295.93,18.92,D
-22.18163,-62.55241,339.4,1.13,1.06,2026-06-05,1257,T,91,6.1NRT,294.84,48.18,D
-11.63449,-58.24549,318.49,1.51,1.21,2026-06-05,1253,T,76,6.1NRT,297.08,22.77,D
-12.22168,-57.28316,309.13,1.82,1.32,2026-06-05,1253,T,61,6.1NRT,298.02,13.97,D
-22.18303,-62.54172,346.84,1.13,1.06,2026-06-05,1257,T,95,6.1NRT,295.29,64.28,D
-12.74072,-54.19572,327.51,3.26,1.71,2026-06-05,1253,T,84,6.1NRT,295.36,132.61,D
-22.47636,-62.17865,304.2,1.18,1.08,2026-06-05,1257,T,58,6.1NRT,293.58,4.61,D
-12.73915,-54.20201,327.69,3.26,1.71,2026-06-05,1253,T,84,6.1NRT,295.75,133.62,D
-23.28157,-60.12979,332.13,1.61,1.25,2026-06-05,1257,T,88,6.1NRT,294.98,61.85,D
-12.44032,-58.48662,313.29,1.49,1.21,2026-06-05,1253,T,35,6.1NRT,297.89,14.23,D
-24.52529,-60.63554,307.55,1.55,1.23,2026-06-05,1257,T,66,6.1NRT,292.43,13.35,D
-12.44201,-58.47308,313.86,1.5,1.21,2026-06-05,1253,T,32,6.1NRT,298.66,15.26,D
-24.52938,-60.62676,302.56,1.55,1.23,2026-06-05,1257,T,53,6.1NRT,291.91,8.04,D
-12.44875,-58.41908,313.55,1.51,1.21,2026-06-05,1253,T,70,6.1NRT,294.57,17.13,D
-27.86732,-63.07877,303.98,1.22,1.1,2026-06-05,1257,T,58,6.1NRT,282.91,7.05,D
-12.45043,-58.40555,322.01,1.51,1.21,2026-06-05,1253,T,80,6.1NRT,295.24,31,D
-27.86878,-63.06665,301.43,1.22,1.1,2026-06-05,1257,T,44,6.1NRT,284.4,5.25,D
-13.5583,-55.24544,307.25,2.76,1.59,2026-06-05,1253,T,46,6.1NRT,295.91,16.89,D
-13.54911,-55.25117,315.73,2.76,1.59,2026-06-05,1253,T,73,6.1NRT,296.55,46.62,D
-12.21208,-66.56162,304.71,1.44,1.19,2026-06-05,1253,T,54,6.1NRT,294.08,5.65,D
-12.21414,-66.54876,321.4,1.44,1.19,2026-06-05,1253,T,80,6.1NRT,294.98,27.97,D
-14.02703,-56.79769,307.77,2.12,1.41,2026-06-05,1253,T,60,6.1NRT,296.57,17.34,D
-14.20968,-57.41957,320.09,1.9,1.35,2026-06-05,1253,T,78,6.1NRT,300.27,37.55,D
-14.21572,-57.42677,340.51,1.9,1.35,2026-06-05,1253,T,91,6.1NRT,297.53,106.36,D
-14.21772,-57.40953,337.57,1.91,1.35,2026-06-05,1253,T,90,6.1NRT,298.25,94.92,D
-15.76724,-61.33392,306.66,1.11,1.05,2026-06-05,1253,T,59,6.1NRT,295.93,5.55,D
-15.94866,-61.83218,304.81,1.07,1.03,2026-06-05,1253,T,58,6.1NRT,293.8,5.69,D
-16.41638,-59.54953,318.55,1.43,1.18,2026-06-05,1253,T,65,6.1NRT,294.28,21.79,D
-16.41804,-59.5365,315.59,1.43,1.18,2026-06-05,1253,T,51,6.1NRT,293.5,17.5,D
-16.42403,-59.54313,318.61,1.43,1.18,2026-06-05,1253,T,56,6.1NRT,293.44,22.46,D
-16.47248,-59.31934,305.59,1.48,1.2,2026-06-05,1253,T,57,6.1NRT,295.15,7.71,D
-16.60059,-58.23499,313.14,1.79,1.31,2026-06-05,1253,T,63,6.1NRT,293.77,21.97,D
-16.55912,-60.8291,304.55,1.2,1.09,2026-06-05,1253,T,35,6.1NRT,288.92,4.72,D
-16.56874,-60.83038,306.26,1.2,1.09,2026-06-05,1253,T,50,6.1NRT,290.77,6.08,D
-6.76017,-45.0167,310.66,2.9,1.62,2026-06-05,1800,A,64,6.1NRT,292.58,19.93,D
-5.33412,-35.4638,311.38,1.14,1.06,2026-06-05,1800,A,67,6.1NRT,294.83,5.8,D
-6.64965,-44.98642,312.04,2.87,1.62,2026-06-05,1800,A,68,6.1NRT,291.82,31.23,D
-6.0656,-45.50254,312.9,3.09,1.67,2026-06-05,1800,A,68,6.1NRT,293.71,29.19,D
-6.05469,-45.532,326.76,3.11,1.67,2026-06-05,1800,A,83,6.1NRT,293.49,101.01,D
-6.04915,-45.51144,315.63,3.09,1.67,2026-06-05,1800,A,61,6.1NRT,292.76,41.69,D
-6.05304,-45.53896,321.16,3.11,1.67,2026-06-05,1800,A,78,6.1NRT,292.89,69.99,D
-5.35104,-45.20371,307.74,2.84,1.61,2026-06-05,1800,A,51,6.1NRT,290.73,18.27,D
-4.63947,-43.05381,340.69,1.85,1.33,2026-06-05,1800,A,91,6.1NRT,292.62,99.09,D
-4.62783,-43.05544,345.12,1.85,1.33,2026-06-05,1800,A,93,6.1NRT,292.62,119.25,D
-3.97713,-47.97953,305.72,4.54,1.96,2026-06-05,1800,A,47,6.1NRT,283.18,34.02,D
-15.99219,-39.78175,307.04,1.57,1.23,2026-06-05,1756,A,64,6.1NRT,295.47,9.18,D
-13.30666,-42.21796,308.75,2.19,1.44,2026-06-05,1756,A,56,6.1NRT,295.97,18.11,D
-13.3091,-42.23781,306.24,2.2,1.44,2026-06-05,1756,A,32,6.1NRT,296.1,11.25,D
-11.99632,-45.34776,308.44,3.73,1.81,2026-06-05,1758,A,42,6.1NRT,296.58,27.91,D
-10.98516,-45.14759,310.88,3.47,1.75,2026-06-05,1758,A,59,6.1NRT,294.84,32.29,D
-10.98876,-45.15181,311.59,3.47,1.75,2026-06-05,1758,A,61,6.1NRT,295.08,35.78,D
-10.51867,-43.6485,308.24,2.58,1.54,2026-06-05,1758,A,34,6.1NRT,288.79,17.75,D
-10.69838,-46.73764,311.98,4.61,1.97,2026-06-05,1758,A,57,6.1NRT,293.61,54.71,D
-10.69552,-46.74572,313.28,4.61,1.97,2026-06-05,1758,A,65,6.1NRT,293.73,66.07,D
-10.04994,-46.46194,328.21,4.28,1.91,2026-06-05,1758,A,82,6.1NRT,295.29,169.42,D
-10.05444,-46.50053,339.47,4.31,1.92,2026-06-05,1758,A,90,6.1NRT,295.42,303.3,D
-10.0377,-46.50278,316.65,4.31,1.92,2026-06-05,1758,A,70,6.1NRT,295.08,75.89,D
-10.04519,-46.46656,336.13,4.28,1.91,2026-06-05,1758,A,88,6.1NRT,295.65,262.28,D
-10.04994,-46.50513,339.95,4.31,1.92,2026-06-05,1758,A,90,6.1NRT,295.72,313.72,D
-8.48779,-46.28728,321.2,3.92,1.84,2026-06-05,1758,A,76,6.1NRT,294.79,95.07,D
-8.49537,-46.29362,319.71,3.92,1.84,2026-06-05,1758,A,74,6.1NRT,294.47,84.04,D
-6.28851,-39.3732,311.66,1.11,1.05,2026-06-05,1758,A,68,6.1NRT,294.02,7.34,D
5.04161,-67.83241,311.75,1.33,1.14,2026-06-05,1942,A,52,6.1NRT,293.1,10.84,D
-18.53046,-58.59762,326.12,1.01,1.01,2026-06-05,1934,A,82,6.1NRT,300.86,18.68,D
-33.0039,-58.23279,330.55,1.13,1.06,2026-06-05,1932,A,87,6.1NRT,291.32,35.57,D
-18.53186,-58.60693,353.11,1.01,1.01,2026-06-05,1934,A,97,6.1NRT,301.61,64.78,D
-33.00539,-58.24468,326.58,1.14,1.06,2026-06-05,1932,A,84,6.1NRT,293.05,29.75,D
-32.55025,-58.12943,302.35,1.11,1.05,2026-06-05,1932,A,52,6.1NRT,291.07,4.84,D
-18.53327,-58.61623,317.73,1.01,1.01,2026-06-05,1934,A,72,6.1NRT,298.83,10.28,D
-32.51798,-58.67583,304.29,1.17,1.08,2026-06-05,1932,A,59,6.1NRT,290.48,6.95,D
-18.37647,-59.04352,315.91,1,1,2026-06-05,1934,A,39,6.1NRT,299.62,8.47,D
-32.40237,-58.90952,309.81,1.2,1.09,2026-06-05,1932,A,69,6.1NRT,291.16,11.49,D
-18.3657,-59.05198,328.58,1,1,2026-06-05,1934,A,84,6.1NRT,302.4,21.65,D
-32.40392,-58.92202,307.38,1.2,1.09,2026-06-05,1932,A,65,6.1NRT,291.29,9.26,D
-18.36706,-59.06119,339.19,1,1,2026-06-05,1934,A,90,6.1NRT,301.95,36.43,D
-31.79817,-59.98038,306.75,1.34,1.15,2026-06-05,1932,A,64,6.1NRT,289.78,10.5,D
-18.35692,-59.05344,312.49,1,1,2026-06-05,1934,A,52,6.1NRT,301.94,5.83,D
-31.55623,-58.98426,302.62,1.18,1.08,2026-06-05,1932,A,53,6.1NRT,292.21,4.93,D
-18.35829,-59.06265,355.82,1,1,2026-06-05,1934,A,98,6.1NRT,303.2,70.32,D
-30.86474,-56.50793,300.27,1,1,2026-06-05,1932,A,25,6.1NRT,287.62,3.49,D
-18.35087,-59.07331,326.97,1,1,2026-06-05,1934,A,69,6.1NRT,300.69,17.83,D
-30.53136,-56.69257,305.03,1,1,2026-06-05,1932,A,60,6.1NRT,291.55,5.9,D
-18.35224,-59.08252,340.5,1,1,2026-06-05,1934,A,83,6.1NRT,301.84,35.99,D
-30.54558,-57.24402,306.04,1.02,1.01,2026-06-05,1932,A,63,6.1NRT,291.68,6.4,D
-18.3536,-59.09172,347.94,1,1,2026-06-05,1934,A,95,6.1NRT,302.59,50.79,D
-30.5326,-58.23402,307.84,1.08,1.04,2026-06-05,1932,A,66,6.1NRT,292.06,8.1,D
-18.03836,-59.58182,310.76,1,1,2026-06-05,1934,A,58,6.1NRT,299.63,4.94,D
-30.43537,-58.53602,305.39,1.1,1.05,2026-06-05,1932,A,61,6.1NRT,291.71,6.52,D
-18.15304,-62.6919,319.51,1.29,1.13,2026-06-05,1934,A,76,6.1NRT,300.05,17.49,D
-28.47148,-51.19554,308.76,1.73,1.29,2026-06-05,1932,A,68,6.1NRT,285.1,21.86,D
-18.14314,-62.69333,346.55,1.29,1.13,2026-06-05,1934,A,94,6.1NRT,298.65,71.59,D
-29.16877,-56.53113,304.56,1,1,2026-06-05,1932,A,59,6.1NRT,294.05,4.64,D
-18.14465,-62.70518,330.35,1.29,1.13,2026-06-05,1934,A,85,6.1NRT,298,34.19,D
-29.17025,-56.54115,311.94,1,1,2026-06-05,1932,A,68,6.1NRT,294.24,9.6,D
-18.14239,-62.69993,315.66,1.29,1.13,2026-06-05,1934,A,62,6.1NRT,298.36,11.68,D
-29.19835,-56.97923,314.85,1,1,2026-06-05,1932,A,75,6.1NRT,293.63,12.09,D
-18.1162,-63.35146,310.99,1.42,1.18,2026-06-05,1934,A,65,6.1NRT,294.43,13.78,D
-29.1998,-56.98928,304.44,1,1,2026-06-05,1932,A,59,6.1NRT,293.34,4.83,D
-17.82285,-61.65168,325.44,1.13,1.06,2026-06-05,1934,A,81,6.1NRT,297.91,23.18,D
-29.2355,-57.42859,306.88,1.01,1.01,2026-06-05,1932,A,40,6.1NRT,293.38,5.76,D
-17.66971,-60.7429,321.84,1.04,1.02,2026-06-05,1934,A,78,6.1NRT,303.1,14.53,D
-29.21923,-57.44206,355.74,1.01,1.01,2026-06-05,1932,A,98,6.1NRT,296.83,74.29,D
-17.48566,-59.53021,335.91,1,1,2026-06-05,1934,A,54,6.1NRT,300.71,27.63,D
-29.20798,-57.44021,314.59,1.01,1.01,2026-06-05,1932,A,75,6.1NRT,293.52,11.94,D
-17.65943,-60.73478,320.93,1.04,1.02,2026-06-05,1934,A,34,6.1NRT,302.49,12.46,D
-29.20943,-57.45037,332.76,1.01,1.01,2026-06-05,1932,A,88,6.1NRT,295.56,32.02,D
-17.66078,-60.7443,361.58,1.04,1.02,2026-06-05,1934,A,100,6.1NRT,306.91,88.56,D
-29.12589,-57.30993,314,1.01,1,2026-06-05,1932,A,74,6.1NRT,293.7,11.25,D
-17.66212,-60.75383,332.38,1.04,1.02,2026-06-05,1934,A,80,6.1NRT,303.4,25.79,D
-29.12733,-57.32003,323.14,1.01,1,2026-06-05,1932,A,82,6.1NRT,294.15,20.34,D
-17.56778,-60.34509,312.76,1.02,1.01,2026-06-05,1934,A,65,6.1NRT,301.13,7.44,D
-29.12877,-57.33015,314.75,1.01,1,2026-06-05,1932,A,75,6.1NRT,293.83,11.9,D
-17.40286,-60.04302,316.92,1.01,1,2026-06-05,1934,A,73,6.1NRT,297.48,10.69,D
-29.19801,-58.42873,305.93,1.07,1.03,2026-06-05,1932,A,62,6.1NRT,293.43,6.29,D
-17.4042,-60.0522,358.56,1.01,1,2026-06-05,1934,A,99,6.1NRT,301.25,79.48,D
-29.03266,-57.42662,307.26,1.01,1.01,2026-06-05,1932,A,65,6.1NRT,293.56,6.88,D
-17.40553,-60.06138,322.38,1.01,1,2026-06-05,1934,A,79,6.1NRT,299.36,15.49,D
-28.87778,-56.44212,309.9,1,1,2026-06-05,1932,A,65,6.1NRT,291.37,9.17,D
-17.60039,-63.15947,312.08,1.36,1.15,2026-06-05,1934,A,66,6.1NRT,298.01,9.82,D
-29.13001,-58.61287,307.29,1.08,1.04,2026-06-05,1932,A,65,6.1NRT,294.06,6.22,D
-17.52435,-62.7299,347.58,1.27,1.12,2026-06-05,1934,A,94,6.1NRT,299.15,74.84,D
-29.13145,-58.62373,336.57,1.08,1.04,2026-06-05,1932,A,90,6.1NRT,294.93,40.62,D
-17.52586,-62.74156,336.82,1.28,1.12,2026-06-05,1934,A,89,6.1NRT,298.96,47.98,D
-28.92127,-57.36631,319.85,1.01,1,2026-06-05,1932,A,66,6.1NRT,293.01,15.27,D
-17.5058,-62.74994,309.13,1.28,1.12,2026-06-05,1934,A,33,6.1NRT,296.95,6.72,D
-28.92271,-57.37639,315.16,1.01,1,2026-06-05,1932,A,57,6.1NRT,293.04,11.3,D
-16.59789,-58.23261,340.54,1.06,1.03,2026-06-05,1934,A,91,6.1NRT,301.69,42.04,D
-28.91388,-57.37804,324.9,1.01,1,2026-06-05,1932,A,83,6.1NRT,293.26,20.85,D
-16.59939,-58.24222,331.7,1.06,1.03,2026-06-05,1934,A,86,6.1NRT,302.69,27.61,D
-28.7216,-56.37537,301.63,1,1,2026-06-05,1932,A,37,6.1NRT,288.17,3.49,D
-16.58888,-58.2341,317.1,1.06,1.03,2026-06-05,1934,A,72,6.1NRT,300.69,11.36,D
-28.8812,-57.46708,334.53,1.01,1.01,2026-06-05,1932,A,89,6.1NRT,294.64,33.45,D
-16.59038,-58.24372,314.17,1.06,1.03,2026-06-05,1934,A,68,6.1NRT,300.63,8.7,D
-28.96548,-58.07146,309.73,1.04,1.02,2026-06-05,1932,A,69,6.1NRT,293.27,8.53,D
-17.23712,-63.98909,319.82,1.53,1.22,2026-06-05,1934,A,67,6.1NRT,293.09,25.22,D
-28.71431,-56.38711,304.25,1,1,2026-06-05,1932,A,58,6.1NRT,287.28,5.36,D
-16.58368,-59.29207,325.28,1.01,1,2026-06-05,1934,A,81,6.1NRT,298.24,19.66,D
-28.77676,-56.80672,318.93,1,1,2026-06-05,1932,A,79,6.1NRT,294.06,14.78,D
-16.58505,-59.30121,325.7,1.01,1,2026-06-05,1934,A,81,6.1NRT,298.92,19.93,D
-28.77822,-56.8167,328.03,1,1,2026-06-05,1932,A,85,6.1NRT,294.76,24.59,D
-16.53508,-59.28793,323.55,1.01,1,2026-06-05,1934,A,66,6.1NRT,298.4,14.85,D
-28.87235,-57.46872,315.68,1.01,1.01,2026-06-05,1932,A,76,6.1NRT,293.61,12.29,D
-16.53644,-59.29709,341.99,1.01,1,2026-06-05,1934,A,92,6.1NRT,299.18,40.34,D
-29.07275,-59.0921,313.59,1.12,1.06,2026-06-05,1932,A,69,6.1NRT,292.45,13.17,D
-16.51613,-59.28167,331.2,1.01,1,2026-06-05,1934,A,85,6.1NRT,299.69,25.6,D
-28.6594,-56.21886,301.69,1.01,1,2026-06-05,1932,A,43,6.1NRT,286.61,4.16,D
-16.50811,-59.34854,330.04,1,1,2026-06-05,1934,A,63,6.1NRT,299.05,21.44,D
-28.84911,-57.51072,316.11,1.01,1.01,2026-06-05,1932,A,76,6.1NRT,293.83,13.56,D
-16.47823,-59.26913,322.81,1.01,1,2026-06-05,1934,A,79,6.1NRT,298.24,16.1,D
-28.778,-57.14185,305.85,1,1,2026-06-05,1932,A,62,6.1NRT,293.57,5.9,D
-16.4796,-59.27828,345.26,1.01,1,2026-06-05,1934,A,93,6.1NRT,300.36,48.35,D
-28.86847,-57.84146,308.18,1.03,1.01,2026-06-05,1932,A,67,6.1NRT,293.56,7.22,D
-16.48645,-59.32401,322.57,1.01,1,2026-06-05,1934,A,42,6.1NRT,299.23,12.45,D
-28.8699,-57.85172,304.91,1.03,1.01,2026-06-05,1932,A,60,6.1NRT,293.5,5.03,D
-16.49054,-59.3514,338.21,1,1,2026-06-05,1934,A,65,6.1NRT,299.78,31.56,D
-28.59739,-56.72014,314.27,1,1,2026-06-05,1932,A,75,6.1NRT,288.51,12.34,D
-16.49191,-59.36054,329.58,1,1,2026-06-05,1934,A,29,6.1NRT,299.39,20.35,D
-28.5696,-56.85519,302.29,1,1,2026-06-05,1932,A,52,6.1NRT,292.22,3.68,D
-16.48312,-59.36197,320.87,1,1,2026-06-05,1934,A,53,6.1NRT,298.89,12.67,D
-28.82131,-58.84688,305.84,1.09,1.04,2026-06-05,1932,A,60,6.1NRT,292.86,5.61,D
-16.45234,-59.28837,309.43,1.01,1,2026-06-05,1934,A,57,6.1NRT,297.6,5.11,D
-28.81066,-58.83752,311.08,1.09,1.04,2026-06-05,1932,A,71,6.1NRT,292.64,9.75,D
-16.41872,-59.54609,328.52,1,1,2026-06-05,1934,A,83,6.1NRT,299.09,22.78,D
-28.81211,-58.84847,329.99,1.09,1.04,2026-06-05,1932,A,87,6.1NRT,293.45,31.09,D
-16.42007,-59.55518,315.48,1,1,2026-06-05,1934,A,70,6.1NRT,297.86,9.38,D
-28.38859,-56.19168,320.31,1.01,1.01,2026-06-05,1932,A,80,6.1NRT,284.86,18.43,D
-16.42142,-59.56427,330.4,1,1,2026-06-05,1934,A,85,6.1NRT,298.81,25.03,D
-28.19601,-55.84671,308.11,1.03,1.01,2026-06-05,1932,A,67,6.1NRT,292.13,7.77,D
-16.41455,-59.59996,308.35,1,1,2026-06-05,1934,A,52,6.1NRT,298.15,4.36,D
-28.44942,-58.54358,305.75,1.06,1.03,2026-06-05,1932,A,41,6.1NRT,293.06,5.05,D
-16.60711,-60.98994,309.35,1.04,1.02,2026-06-05,1934,A,48,6.1NRT,298.68,5.96,D
-28.32506,-57.71655,311.71,1.01,1.01,2026-06-05,1932,A,72,6.1NRT,294,9.43,D
-16.55268,-60.67241,318.61,1.02,1.01,2026-06-05,1934,A,75,6.1NRT,297.27,14.06,D
-28.32649,-57.72664,316.92,1.01,1.01,2026-06-05,1932,A,77,6.1NRT,294.74,13.89,D
-16.95016,-63.64986,310.88,1.43,1.18,2026-06-05,1934,A,61,6.1NRT,296.93,9.37,D
-28.41834,-58.38326,304.32,1.05,1.02,2026-06-05,1932,A,54,6.1NRT,293.39,4.89,D
-16.37409,-59.56926,325.21,1,1,2026-06-05,1934,A,81,6.1NRT,299.92,17.43,D
-28.44288,-58.56223,326.57,1.06,1.03,2026-06-05,1932,A,64,6.1NRT,294.3,25.39,D
-16.55758,-60.83382,324.42,1.03,1.01,2026-06-05,1934,A,81,6.1NRT,298.65,20.32,D
-28.44433,-58.57283,313.75,1.06,1.03,2026-06-05,1932,A,56,6.1NRT,293.59,11.81,D
-16.55891,-60.8432,307.81,1.03,1.01,2026-06-05,1934,A,41,6.1NRT,297.15,5.29,D
-28.43006,-58.67334,302.84,1.07,1.03,2026-06-05,1932,A,52,6.1NRT,292.7,4.08,D
-16.3552,-59.56299,320.04,1,1,2026-06-05,1934,A,76,6.1NRT,299.88,12.45,D
-28.1016,-56.43763,302.69,1.01,1,2026-06-05,1932,A,35,6.1NRT,278.33,6.07,D
-16.14765,-58.49276,337.84,1.05,1.02,2026-06-05,1934,A,89,6.1NRT,301.64,36.06,D
-28.28534,-57.69278,308.45,1.01,1.01,2026-06-05,1932,A,67,6.1NRT,293.93,6.4,D
-16.1491,-58.50231,315.67,1.05,1.02,2026-06-05,1934,A,63,6.1NRT,301.98,7.65,D
-28.28677,-57.70286,305.82,1.01,1.01,2026-06-05,1932,A,39,6.1NRT,293.9,4.5,D
-16.13869,-58.49427,344.6,1.05,1.02,2026-06-05,1934,A,93,6.1NRT,300.88,48.21,D
-28.64299,-61.1715,320.69,1.43,1.18,2026-06-05,1932,A,80,6.1NRT,292.94,28.67,D
-16.14014,-58.50382,314.16,1.05,1.02,2026-06-05,1934,A,50,6.1NRT,301.27,6.17,D
-27.87518,-56.16457,302.98,1.02,1.01,2026-06-05,1932,A,54,6.1NRT,290.14,4.44,D
-16.62644,-62.26701,324.53,1.17,1.08,2026-06-05,1934,A,80,6.1NRT,297.09,23.62,D
-27.87672,-56.17462,303.07,1.02,1.01,2026-06-05,1932,A,55,6.1NRT,291.15,4.45,D
-16.62788,-62.2778,312.92,1.17,1.08,2026-06-05,1934,A,66,6.1NRT,297.09,10,D
-28.51403,-61.5449,305.03,1.5,1.21,2026-06-05,1932,A,59,6.1NRT,292.87,8.47,D
-16.47991,-61.25895,308.52,1.06,1.03,2026-06-05,1934,A,31,6.1NRT,297.46,4.87,D
-27.87576,-57.01962,318.59,1,1,2026-06-05,1932,A,79,6.1NRT,293.28,15.31,D
-16.48124,-61.26858,312.93,1.06,1.03,2026-06-05,1934,A,67,6.1NRT,297.49,9,D
-27.70086,-56.05564,306.48,1.02,1.01,2026-06-05,1932,A,64,6.1NRT,294.14,6.17,D
-16.46839,-61.24759,318.83,1.06,1.03,2026-06-05,1934,A,75,6.1NRT,297.16,14.77,D
-27.21988,-54.33104,305.36,1.19,1.08,2026-06-05,1932,A,61,6.1NRT,293.07,7.43,D
-16.2365,-59.70609,308.82,1,1,2026-06-05,1934,A,50,6.1NRT,298.82,3.92,D
-27.67119,-57.20905,300.82,1,1,2026-06-05,1932,A,30,6.1NRT,282.67,4.17,D
-16.17373,-59.34336,311.46,1.01,1,2026-06-05,1934,A,52,6.1NRT,298.74,6.12,D
-27.93859,-59.12551,305.34,1.1,1.05,2026-06-05,1932,A,51,6.1NRT,293.2,5.95,D
-16.22773,-59.7075,311.67,1,1,2026-06-05,1934,A,62,6.1NRT,299.04,6.01,D
-27.66384,-57.22057,303.77,1,1,2026-06-05,1932,A,57,6.1NRT,282.16,5.85,D
-16.16494,-59.3448,316.14,1.01,1,2026-06-05,1934,A,70,6.1NRT,298.63,10.53,D
-27.13202,-54.35589,307.91,1.19,1.08,2026-06-05,1932,A,66,6.1NRT,292.46,9.92,D
-16.48366,-61.55345,310.21,1.08,1.04,2026-06-05,1934,A,60,6.1NRT,298.39,6.47,D
-28.05366,-61.52213,316.33,1.47,1.2,2026-06-05,1932,A,75,6.1NRT,293.35,22.39,D
-16.48504,-61.56336,318.54,1.09,1.04,2026-06-05,1934,A,74,6.1NRT,299.14,14.22,D
-27.9012,-60.33979,306.12,1.25,1.11,2026-06-05,1932,A,60,6.1NRT,293,7.23,D
-16.45769,-61.56747,331.3,1.09,1.04,2026-06-05,1934,A,86,6.1NRT,299.14,30.06,D
-26.70329,-52.94775,310.13,1.45,1.19,2026-06-05,1932,A,70,6.1NRT,292.02,15.74,D
-16.45905,-61.57737,310.71,1.09,1.04,2026-06-05,1934,A,61,6.1NRT,297.32,6.86,D
-28.01601,-62.2894,313.8,1.65,1.26,2026-06-05,1932,A,52,6.1NRT,293.25,17.98,D
-16.40188,-61.49121,308.26,1.08,1.04,2026-06-05,1934,A,53,6.1NRT,296.73,5.43,D
-28.0178,-62.30592,340.96,1.66,1.27,2026-06-05,1932,A,92,6.1NRT,294.83,88.78,D
-16.23458,-60.38235,313.64,1.01,1,2026-06-05,1934,A,67,6.1NRT,298.82,8.04,D
-28.0196,-62.32251,324.16,1.66,1.27,2026-06-05,1932,A,82,6.1NRT,291.92,39.87,D
-15.44328,-55.8637,307.78,1.48,1.2,2026-06-05,1934,A,51,6.1NRT,296.12,7.63,D
-27.14674,-56.3567,304.33,1.02,1.01,2026-06-05,1932,A,58,6.1NRT,294,4.64,D
-15.44527,-55.87578,311.33,1.47,1.2,2026-06-05,1934,A,63,6.1NRT,298.28,11.65,D
-27.76009,-61.53796,304.63,1.46,1.2,2026-06-05,1932,A,52,6.1NRT,294.49,6.48,D
-16.50502,-63.21402,327.76,1.32,1.14,2026-06-05,1934,A,83,6.1NRT,297.99,32.93,D
-27.38166,-59.30037,304.32,1.1,1.05,2026-06-05,1932,A,53,6.1NRT,294.2,4.58,D
-16.50661,-63.22609,331.3,1.32,1.14,2026-06-05,1934,A,86,6.1NRT,300.06,39.65,D
-26.94781,-56.32541,315.41,1.02,1.01,2026-06-05,1932,A,75,6.1NRT,295.44,12.62,D
-15.40333,-55.88298,310.58,1.47,1.2,2026-06-05,1934,A,54,6.1NRT,297.83,9.48,D
-26.98598,-56.57418,306.79,1.01,1,2026-06-05,1932,A,63,6.1NRT,294.97,5.83,D
-16.1095,-60.40848,316.36,1.01,1,2026-06-05,1934,A,71,6.1NRT,298.33,9.51,D
-27.03077,-57.49189,311.66,1,1,2026-06-05,1932,A,71,6.1NRT,295.23,9.12,D
-16.09278,-60.35503,310.9,1.01,1,2026-06-05,1934,A,57,6.1NRT,299.43,5.03,D
-26.77064,-55.89769,305.22,1.05,1.02,2026-06-05,1932,A,60,6.1NRT,294.14,5.41,D
-16.07605,-60.43822,312.18,1.01,1,2026-06-05,1934,A,64,6.1NRT,300.3,6.07,D
-26.73218,-56.24573,307.67,1.03,1.01,2026-06-05,1932,A,65,6.1NRT,294.82,6.67,D
-16.05797,-60.37564,324.65,1.01,1,2026-06-05,1934,A,80,6.1NRT,300.52,17.2,D
-26.73374,-56.25576,308.63,1.03,1.01,2026-06-05,1932,A,66,6.1NRT,294.85,7.33,D
-16.46059,-63.33716,312.44,1.34,1.15,2026-06-05,1934,A,64,6.1NRT,297.04,10.25,D
-27.36387,-61.19163,318.57,1.38,1.16,2026-06-05,1932,A,72,6.1NRT,296.98,18.3,D
-16.04303,-60.39667,318,1.01,1,2026-06-05,1934,A,64,6.1NRT,300.53,9.68,D
-27.3655,-61.20525,315.92,1.38,1.16,2026-06-05,1932,A,56,6.1NRT,297.08,14.59,D
-14.77497,-52.67196,325.73,2.65,1.56,2026-06-05,1934,A,82,6.1NRT,299.02,78.51,D
-27.35361,-61.19318,319.54,1.38,1.16,2026-06-05,1932,A,77,6.1NRT,298.09,19.67,D
-14.77921,-52.69531,325.85,2.64,1.56,2026-06-05,1934,A,82,6.1NRT,299.2,78.93,D
-27.35523,-61.20679,317.75,1.38,1.16,2026-06-05,1932,A,69,6.1NRT,298.09,17.07,D
-14.7657,-52.69825,311.5,2.64,1.56,2026-06-05,1934,A,64,6.1NRT,300.33,26.2,D
-26.78928,-57.16592,307.96,1,1,2026-06-05,1932,A,65,6.1NRT,295.47,6.1,D
-16.49961,-63.87654,314.15,1.46,1.19,2026-06-05,1934,A,68,6.1NRT,297.82,14.15,D
-26.58328,-56.00628,306.86,1.04,1.02,2026-06-05,1932,A,63,6.1NRT,295.07,5.78,D
-16.43142,-63.42907,310.59,1.36,1.16,2026-06-05,1934,A,53,6.1NRT,296.8,8.28,D
-26.63662,-56.41055,305.98,1.02,1.01,2026-06-05,1932,A,61,6.1NRT,295.34,5.32,D
-15.97244,-61.92133,328.12,1.11,1.05,2026-06-05,1934,A,83,6.1NRT,300.5,26.02,D
-27.23298,-60.78791,316.3,1.3,1.13,2026-06-05,1932,A,74,6.1NRT,297.82,15.86,D
-16.12567,-63.28024,334.35,1.32,1.14,2026-06-05,1934,A,88,6.1NRT,298.57,44.47,D
-26.48495,-55.79354,307.38,1.06,1.03,2026-06-05,1932,A,64,6.1NRT,294.3,6.99,D
-16.12723,-63.29222,346.49,1.32,1.14,2026-06-05,1934,A,94,6.1NRT,298.82,75.53,D
-26.55553,-56.24086,305.1,1.03,1.01,2026-06-05,1932,A,59,6.1NRT,294.76,4.85,D
-16.15627,-63.7359,317.91,1.41,1.18,2026-06-05,1934,A,74,6.1NRT,298.46,18.37,D
-26.55709,-56.25089,315.09,1.03,1.01,2026-06-05,1932,A,75,6.1NRT,295.2,12.26,D
-16.10607,-63.43652,313.06,1.35,1.15,2026-06-05,1934,A,67,6.1NRT,301.17,10.25,D
-26.24808,-54.49606,309.28,1.2,1.09,2026-06-05,1932,A,68,6.1NRT,293.7,9.54,D
-15.6274,-60.26323,316.89,1,1,2026-06-05,1934,A,71,6.1NRT,299.73,9.93,D
-26.28803,-54.73755,305.35,1.17,1.08,2026-06-05,1932,A,61,6.1NRT,294.6,6.43,D
-15.60478,-60.56165,315.86,1.01,1,2026-06-05,1934,A,70,6.1NRT,299.62,8.86,D
-26.23853,-54.49804,316.47,1.2,1.09,2026-06-05,1932,A,77,6.1NRT,293.77,17.3,D
-15.96364,-63.29096,315.13,1.31,1.14,2026-06-05,1934,A,70,6.1NRT,298.06,10.64,D
-26.91077,-59.00487,305.32,1.07,1.03,2026-06-05,1932,A,56,6.1NRT,295.28,4.91,D
-15.55641,-60.47601,312.42,1.01,1,2026-06-05,1934,A,59,6.1NRT,299.7,5.85,D
-26.54271,-56.51621,331.94,1.02,1.01,2026-06-05,1932,A,87,6.1NRT,296.01,29.56,D
-15.55772,-60.48511,336.48,1.01,1,2026-06-05,1934,A,88,6.1NRT,301.15,32.52,D
-26.54422,-56.52613,331.94,1.02,1.01,2026-06-05,1932,A,87,6.1NRT,296.3,29.54,D
-15.6369,-61.23468,317.65,1.04,1.02,2026-06-05,1934,A,73,6.1NRT,298.38,13.21,D
-26.19048,-54.44761,312.63,1.21,1.09,2026-06-05,1932,A,50,6.1NRT,293.9,11.95,D
-15.58166,-60.97561,315.24,1.03,1.01,2026-06-05,1934,A,69,6.1NRT,300.19,9.18,D
-26.19247,-54.45937,340.22,1.21,1.09,2026-06-05,1932,A,92,6.1NRT,296.78,55.32,D
-15.40838,-60.41857,313.81,1,1,2026-06-05,1934,A,66,6.1NRT,300.06,8.29,D
-26.73504,-58.7336,321.07,1.05,1.02,2026-06-05,1932,A,80,6.1NRT,296.07,17.95,D
-14.2275,-53.38116,308.1,2.4,1.49,2026-06-05,1934,A,49,6.1NRT,298.04,14.99,D
-26.75968,-59.04276,311.46,1.07,1.03,2026-06-05,1932,A,69,6.1NRT,295.5,9.57,D
-15.79258,-63.62538,337.96,1.37,1.16,2026-06-05,1934,A,90,6.1NRT,298.21,57.61,D
-26.34831,-56.88705,310.6,1.01,1,2026-06-05,1932,A,69,6.1NRT,295.52,8.12,D
-15.79418,-63.6379,327.35,1.38,1.16,2026-06-05,1934,A,83,6.1NRT,298.62,34.35,D
-26.84683,-60.96285,320.18,1.31,1.14,2026-06-05,1932,A,78,6.1NRT,296.56,21.85,D
-16.36191,-69.22988,301.93,3.8,1.82,2026-06-05,1934,A,42,6.1NRT,290.15,33.12,D
-26.84839,-60.97579,313.57,1.32,1.14,2026-06-05,1932,A,70,6.1NRT,296.27,13.15,D
-14.62614,-58.69888,307.49,1.06,1.03,2026-06-05,1936,A,39,6.1NRT,293.48,5.24,D
-26.8562,-61.04086,347.81,1.33,1.14,2026-06-05,1932,A,95,6.1NRT,298.16,81.81,D
-14.60394,-58.67985,310.59,1.06,1.03,2026-06-05,1936,A,47,6.1NRT,295.33,5.9,D
-26.85777,-61.05395,312.24,1.33,1.14,2026-06-05,1932,A,68,6.1NRT,296.97,10.81,D
-14.6054,-58.68941,332.9,1.06,1.03,2026-06-05,1936,A,75,6.1NRT,296.12,31.7,D
-26.14836,-56.53493,305.18,1.02,1.01,2026-06-05,1932,A,58,6.1NRT,295.07,4.85,D
-14.58662,-58.8676,313.36,1.05,1.02,2026-06-05,1936,A,62,6.1NRT,290.11,8.35,D
-26.16359,-56.63396,310.8,1.02,1.01,2026-06-05,1932,A,69,6.1NRT,295.48,7.97,D
-14.58202,-58.89738,330.7,1.05,1.02,2026-06-05,1936,A,85,6.1NRT,294.34,26.99,D
-26.15474,-56.63565,315.64,1.02,1.01,2026-06-05,1932,A,75,6.1NRT,295.52,11.95,D
-14.2859,-57.53313,328.29,1.21,1.09,2026-06-05,1936,A,83,6.1NRT,298.03,29.23,D
-26.13864,-57.39596,308.49,1,1,2026-06-05,1932,A,65,6.1NRT,295.12,6.79,D
-14.28763,-57.54396,344.14,1.21,1.09,2026-06-05,1936,A,93,6.1NRT,301.12,60.53,D
-26.43022,-60.55482,308.56,1.23,1.1,2026-06-05,1932,A,61,6.1NRT,296.08,7.58,D
-14.27636,-57.53481,319.53,1.21,1.09,2026-06-05,1936,A,75,6.1NRT,296.74,17.38,D
-26.43172,-60.56692,317.23,1.24,1.1,2026-06-05,1932,A,75,6.1NRT,296.87,16.78,D
-14.27809,-57.54561,328.24,1.21,1.09,2026-06-05,1936,A,83,6.1NRT,297.82,29.27,D
-26.08754,-58.91444,307.69,1.05,1.02,2026-06-05,1932,A,62,6.1NRT,295.75,6.31,D
-14.41618,-58.53861,326.69,1.08,1.04,2026-06-05,1936,A,82,6.1NRT,296.52,23.31,D
-26.19147,-59.74977,307.71,1.12,1.06,2026-06-05,1932,A,32,6.1NRT,295.67,5.61,D
-14.41768,-58.54826,319.92,1.08,1.04,2026-06-05,1936,A,76,6.1NRT,296.42,15.29,D
-26.19293,-59.76073,309.6,1.12,1.06,2026-06-05,1932,A,48,6.1NRT,296.08,7.07,D
-15.172,-63.94046,318.23,1.41,1.18,2026-06-05,1936,A,74,6.1NRT,301.37,15.62,D
-26.18362,-59.76226,319.7,1.12,1.06,2026-06-05,1932,A,78,6.1NRT,296.32,17.05,D
-14.21371,-57.41749,319.95,1.23,1.1,2026-06-05,1936,A,70,6.1NRT,301.39,16.36,D
-25.60541,-56.3167,310.81,1.04,1.02,2026-06-05,1932,A,69,6.1NRT,295.38,8.9,D
-14.21545,-57.42852,362.77,1.23,1.1,2026-06-05,1936,A,100,6.1NRT,301.51,119.62,D
-25.70583,-57.90519,305.29,1,1,2026-06-05,1932,A,57,6.1NRT,295.17,4.39,D
-15.18052,-64.08395,311.47,1.45,1.19,2026-06-05,1936,A,63,6.1NRT,300.81,10.52,D
-25.04524,-54.57285,309.73,1.24,1.11,2026-06-05,1932,A,0,6.1NRT,295.33,10.98,D
-14.20584,-57.43026,362.56,1.23,1.1,2026-06-05,1936,A,100,6.1NRT,303.65,118.75,D
-25.90317,-61.67116,310.69,1.41,1.18,2026-06-05,1932,A,65,6.1NRT,296.63,10.25,D
-14.20758,-57.44127,319.12,1.23,1.1,2026-06-05,1936,A,69,6.1NRT,299.82,15.47,D
-25.90669,-61.67733,310.8,1.41,1.18,2026-06-05,1932,A,65,6.1NRT,296.32,10.18,D
-14.38452,-58.81591,309.52,1.06,1.03,2026-06-05,1936,A,42,6.1NRT,297.12,5.16,D
-24.8657,-55.51485,331.6,1.12,1.06,2026-06-05,1934,A,87,6.1NRT,296.17,33.53,D
-14.3095,-58.39259,325.05,1.1,1.04,2026-06-05,1936,A,81,6.1NRT,293.96,22.4,D
-24.85645,-55.51667,315.62,1.12,1.06,2026-06-05,1934,A,75,6.1NRT,295.24,14.05,D
-14.31104,-58.40243,314.86,1.1,1.04,2026-06-05,1936,A,67,6.1NRT,293.09,11.13,D
-25.20943,-57.78573,307.86,1,1,2026-06-05,1934,A,63,6.1NRT,295.76,6.16,D
-15.18072,-64.86823,307.4,1.65,1.26,2026-06-05,1936,A,51,6.1NRT,294.49,6.47,D
-25.27315,-58.36848,314.19,1.01,1.01,2026-06-05,1934,A,73,6.1NRT,295.89,11.01,D
-14.28556,-58.76974,335.25,1.06,1.03,2026-06-05,1936,A,88,6.1NRT,298.16,32.95,D
-25.46661,-61.08163,310.54,1.28,1.12,2026-06-05,1934,A,65,6.1NRT,296.86,9.27,D
-14.20282,-58.89684,326.3,1.05,1.03,2026-06-05,1936,A,56,6.1NRT,296.71,20.18,D
-25.46812,-61.09411,309.13,1.29,1.13,2026-06-05,1934,A,62,6.1NRT,296.83,7.85,D
-14.20427,-58.9063,348.87,1.05,1.02,2026-06-05,1936,A,95,6.1NRT,298.73,59.01,D
-25.46614,-61.08826,314.27,1.28,1.12,2026-06-05,1934,A,71,6.1NRT,297.01,13.31,D
-14.18584,-58.90551,328.41,1.05,1.03,2026-06-05,1936,A,83,6.1NRT,294.57,24.5,D
-25.05491,-58.25914,308.91,1.01,1,2026-06-05,1934,A,64,6.1NRT,295.95,6.62,D
-14.11573,-59.41889,321.18,1.02,1.01,2026-06-05,1936,A,77,6.1NRT,301.77,13.82,D
-25.05631,-58.26886,307.38,1.01,1,2026-06-05,1934,A,61,6.1NRT,296.3,5.64,D
-13.49176,-56.57151,320.95,1.42,1.18,2026-06-05,1936,A,76,6.1NRT,300.46,23.31,D
-24.87977,-57.81003,306.99,1,1,2026-06-05,1934,A,60,6.1NRT,295.94,5.09,D
-14.13733,-64.61388,332.28,1.52,1.22,2026-06-05,1936,A,86,6.1NRT,299.76,49.34,D
-24.86957,-57.80197,337.71,1,1,2026-06-05,1934,A,90,6.1NRT,297.34,36.98,D
-14.12665,-64.61536,315.71,1.52,1.22,2026-06-05,1936,A,70,6.1NRT,299.41,16.5,D
-24.87099,-57.81161,350.33,1,1,2026-06-05,1934,A,96,6.1NRT,298.78,60.33,D
-14.15759,-64.85252,314.49,1.58,1.24,2026-06-05,1936,A,68,6.1NRT,299.05,15.71,D
-24.19199,-56.74588,308.26,1.04,1.02,2026-06-05,1934,A,63,6.1NRT,295.7,6.22,D
-14.1467,-64.85402,309.4,1.58,1.24,2026-06-05,1936,A,52,6.1NRT,298.98,7.78,D
-24.19352,-56.75577,307.29,1.03,1.02,2026-06-05,1934,A,61,6.1NRT,295.82,5.57,D
-12.10146,-52.01908,322.66,3.39,1.74,2026-06-05,1936,A,79,6.1NRT,296.17,98.42,D
-24.06456,-56.64334,307.63,1.04,1.02,2026-06-05,1934,A,62,6.1NRT,295.41,6.07,D
-14.11225,-64.84428,314.44,1.58,1.24,2026-06-05,1936,A,68,6.1NRT,299.41,14.7,D
-23.99338,-56.53903,328.73,1.05,1.02,2026-06-05,1934,A,85,6.1NRT,296.04,26.25,D
-14.10832,-64.8357,313.73,1.58,1.24,2026-06-05,1936,A,50,6.1NRT,299.42,12.8,D
-24.14124,-57.50837,311.87,1.01,1,2026-06-05,1934,A,69,6.1NRT,297.04,8.26,D
-12.10496,-52.02333,317.35,3.39,1.74,2026-06-05,1936,A,73,6.1NRT,295.57,68.82,D
-23.98283,-56.53069,313.93,1.05,1.02,2026-06-05,1934,A,72,6.1NRT,296.05,10.72,D
-14.05024,-64.72944,311.08,1.55,1.23,2026-06-05,1936,A,60,6.1NRT,300.1,9.49,D
-24.52235,-60.63207,325.9,1.18,1.08,2026-06-05,1934,A,82,6.1NRT,299.19,26.54,D
-14.03948,-64.73092,310.58,1.55,1.23,2026-06-05,1936,A,59,6.1NRT,300.12,8.81,D
-24.0718,-57.97041,315.51,1,1,2026-06-05,1934,A,73,6.1NRT,297.49,11.02,D
-12.52508,-54.73427,344.39,2.03,1.39,2026-06-05,1936,A,93,6.1NRT,298.13,130.34,D
-24.02634,-58.68009,309.28,1.01,1.01,2026-06-05,1934,A,63,6.1NRT,297.1,6.31,D
-12.52819,-54.75231,316.2,2.02,1.39,2026-06-05,1936,A,70,6.1NRT,296.9,26.64,D
-24.0059,-58.66377,309.24,1.01,1,2026-06-05,1934,A,63,6.1NRT,297.34,6.08,D
-12.51299,-54.73648,325.16,2.03,1.39,2026-06-05,1936,A,76,6.1NRT,296.49,51.37,D
-23.25546,-55.07418,312.85,1.24,1.11,2026-06-05,1934,A,71,6.1NRT,295.92,12.48,D
-13.73495,-65.04178,310.04,1.61,1.25,2026-06-05,1936,A,56,6.1NRT,298.77,9.78,D
-23.25742,-55.0859,328.17,1.24,1.1,2026-06-05,1934,A,85,6.1NRT,296.6,32.96,D
-12.54102,-57.23114,321.21,1.33,1.14,2026-06-05,1936,A,46,6.1NRT,304.03,16.95,D
-23.24775,-55.08777,307.38,1.24,1.1,2026-06-05,1934,A,62,6.1NRT,296.14,7.01,D
-12.54133,-57.23794,321.39,1.33,1.14,2026-06-05,1936,A,40,6.1NRT,303.07,16.2,D
-23.44612,-56.64799,309.1,1.05,1.03,2026-06-05,1934,A,64,6.1NRT,296.21,6.39,D
-13.32189,-63.62865,316.9,1.28,1.12,2026-06-05,1936,A,71,6.1NRT,298.77,13.12,D
-23.31739,-56.07098,307.55,1.11,1.05,2026-06-05,1934,A,61,6.1NRT,295.91,5.96,D
-13.60838,-65.94187,315.59,1.88,1.34,2026-06-05,1936,A,70,6.1NRT,299,21.04,D
-23.88797,-61.50366,315.86,1.3,1.13,2026-06-05,1934,A,71,6.1NRT,297.72,14.76,D
-13.61051,-65.93118,311.93,1.87,1.34,2026-06-05,1936,A,63,6.1NRT,299.05,12.71,D
-23.46269,-58.8625,326.02,1.01,1.01,2026-06-05,1934,A,82,6.1NRT,298.91,21.39,D
-13.40917,-64.58456,334.62,1.48,1.2,2026-06-05,1936,A,87,6.1NRT,299.76,51.52,D
-23.27925,-60.13089,316.59,1.09,1.04,2026-06-05,1934,A,72,6.1NRT,303.25,10.88,D
-13.39864,-64.58602,330.35,1.48,1.2,2026-06-05,1936,A,84,6.1NRT,299.68,40.98,D
-23.28066,-60.14131,316.71,1.09,1.04,2026-06-05,1934,A,72,6.1NRT,302.28,11.08,D
-13.38635,-64.57426,318.97,1.47,1.2,2026-06-05,1936,A,73,6.1NRT,300.11,19.07,D
-22.74298,-56.59525,311.68,1.07,1.03,2026-06-05,1934,A,69,6.1NRT,297.1,8.91,D
-13.3881,-64.58749,314.25,1.48,1.2,2026-06-05,1936,A,49,6.1NRT,299.49,11.92,D
-22.54647,-56.98943,312.22,1.05,1.02,2026-06-05,1934,A,69,6.1NRT,297.61,9.03,D
-11.90664,-54.83372,311.46,2.05,1.39,2026-06-05,1936,A,60,6.1NRT,296.91,16.38,D
-22.548,-56.99932,309.02,1.05,1.02,2026-06-05,1934,A,64,6.1NRT,297.18,6.51,D
-13.30424,-64.97946,320.13,1.57,1.24,2026-06-05,1936,A,75,6.1NRT,299.13,23.94,D
-22.52144,-57.19248,306.27,1.03,1.02,2026-06-05,1934,A,56,6.1NRT,296.06,4.74,D
-13.30605,-64.99356,315.28,1.58,1.24,2026-06-05,1936,A,68,6.1NRT,299.22,15.75,D
-22.52293,-57.2022,307.35,1.03,1.02,2026-06-05,1934,A,59,6.1NRT,296.28,5.46,D
-13.1316,-64.04452,312.69,1.35,1.15,2026-06-05,1936,A,60,6.1NRT,297.48,9.8,D
-22.42545,-57.16535,307.65,1.04,1.02,2026-06-05,1934,A,60,6.1NRT,296.36,5.6,D
-13.15038,-64.42085,314.74,1.43,1.18,2026-06-05,1936,A,68,6.1NRT,298.46,12.85,D
-22.37175,-57.11474,308.7,1.04,1.02,2026-06-05,1934,A,62,6.1NRT,295.97,5.88,D
-13.15206,-64.43365,311.63,1.43,1.18,2026-06-05,1936,A,61,6.1NRT,298.64,8.7,D
-22.37328,-57.12456,310.59,1.04,1.02,2026-06-05,1934,A,66,6.1NRT,296.38,7.34,D
-11.63884,-55.17257,313.29,1.95,1.36,2026-06-05,1936,A,65,6.1NRT,297.52,20.02,D
-22.29089,-57.07527,308.18,1.04,1.02,2026-06-05,1934,A,61,6.1NRT,296.96,5.56,D
-11.64182,-55.1898,312.61,1.95,1.36,2026-06-05,1936,A,63,6.1NRT,296.41,18.87,D
-22.29242,-57.08514,308.19,1.04,1.02,2026-06-05,1934,A,61,6.1NRT,296.99,5.58,D
-11.63252,-55.18075,325.46,1.95,1.36,2026-06-05,1936,A,81,6.1NRT,299.31,49.87,D
-21.917,-60.80836,317.19,1.13,1.06,2026-06-05,1934,A,72,6.1NRT,301.51,12.11,D
-12.96629,-64.03111,317.88,1.34,1.15,2026-06-05,1936,A,73,6.1NRT,298.36,16.72,D
-19.57149,-52.5129,307.2,2.16,1.43,2026-06-05,1934,A,57,6.1NRT,296.97,14.24,D
-13.02501,-64.62183,319.09,1.47,1.2,2026-06-05,1936,A,74,6.1NRT,298.56,20.81,D
-20.70743,-59.46284,320.86,1.01,1.01,2026-06-05,1934,A,76,6.1NRT,300.2,14.06,D
-11.90183,-57.03304,317.86,1.41,1.17,2026-06-05,1936,A,70,6.1NRT,298.91,16.98,D
-20.54972,-60.37409,336.13,1.06,1.03,2026-06-05,1934,A,88,6.1NRT,302.41,34.12,D
-11.90385,-57.04552,319.38,1.4,1.17,2026-06-05,1936,A,74,6.1NRT,299.45,19.4,D
-20.55109,-60.38399,384.54,1.06,1.03,2026-06-05,1934,A,100,6.1NRT,309.1,181.41,D
-11.33297,-53.96292,310.14,2.47,1.51,2026-06-05,1936,A,57,6.1NRT,296.09,20.54,D
-20.55246,-60.39389,374.64,1.06,1.03,2026-06-05,1934,A,100,6.1NRT,308.29,137.88,D
-12.92063,-64.36736,310.15,1.4,1.17,2026-06-05,1936,A,57,6.1NRT,298.57,7.21,D
-20.55383,-60.40381,318.12,1.06,1.03,2026-06-05,1934,A,71,6.1NRT,302.9,10.53,D
-11.79309,-56.99272,332.04,1.42,1.18,2026-06-05,1936,A,85,6.1NRT,300.8,41.33,D
-19.84082,-56.33141,309.86,1.18,1.08,2026-06-05,1934,A,42,6.1NRT,298.41,6.33,D
-11.79513,-57.00526,338.38,1.42,1.18,2026-06-05,1936,A,89,6.1NRT,302.76,57.55,D
-19.81419,-56.3476,321.4,1.18,1.08,2026-06-05,1934,A,78,6.1NRT,298.79,18.04,D
-11.78482,-57.0069,317.15,1.42,1.18,2026-06-05,1936,A,60,6.1NRT,300.94,15.48,D
-19.79096,-56.35867,318.22,1.18,1.08,2026-06-05,1934,A,74,6.1NRT,299.18,14.73,D
-11.72854,-56.84019,317.86,1.46,1.19,2026-06-05,1936,A,72,6.1NRT,300.71,17.56,D
-19.77973,-56.34948,312.16,1.18,1.08,2026-06-05,1934,A,41,6.1NRT,298.78,8.1,D
-11.71812,-56.84201,315.42,1.46,1.19,2026-06-05,1936,A,66,6.1NRT,299.42,13.41,D
-19.78149,-56.36042,317.05,1.18,1.08,2026-06-05,1934,A,73,6.1NRT,299.09,13.31,D
-11.51241,-56.13342,313.17,1.66,1.27,2026-06-05,1936,A,64,6.1NRT,300.19,14.26,D
-19.74488,-57.71321,313.91,1.04,1.02,2026-06-05,1934,A,68,6.1NRT,299.3,8.64,D
-12.7112,-64.25726,312.72,1.37,1.16,2026-06-05,1936,A,64,6.1NRT,297.37,10.16,D
-19.7368,-57.72033,310.41,1.04,1.02,2026-06-05,1934,A,52,6.1NRT,298.97,5.93,D
-11.81306,-58.15213,309.79,1.2,1.09,2026-06-05,1936,A,51,6.1NRT,298.72,5.69,D
-18.98772,-58.07721,319.12,1.03,1.02,2026-06-05,1934,A,74,6.1NRT,293.81,13.51,D
-12.97568,-66.35352,316.56,1.98,1.37,2026-06-05,1936,A,71,6.1NRT,298.94,23.65,D
-18.98918,-58.08673,322.53,1.03,1.02,2026-06-05,1934,A,78,6.1NRT,292.17,17.24,D
-12.97794,-66.37122,334.57,1.98,1.37,2026-06-05,1936,A,87,6.1NRT,299.19,80.12,D
-12.96589,-66.37281,317.42,1.98,1.37,2026-06-05,1936,A,72,6.1NRT,299.49,26.23,D
-12.64287,-64.59311,315.9,1.44,1.19,2026-06-05,1936,A,69,6.1NRT,297.36,14.63,D
-12.68243,-65.331,314.96,1.63,1.26,2026-06-05,1936,A,63,6.1NRT,298.61,14.57,D
-12.77575,-66.12934,323.58,1.89,1.34,2026-06-05,1936,A,79,6.1NRT,300.86,40.47,D
-12.67972,-65.48149,319.81,1.68,1.27,2026-06-05,1936,A,75,6.1NRT,297.96,25.37,D
-12.68168,-65.49649,311.6,1.68,1.27,2026-06-05,1936,A,59,6.1NRT,297.55,10.91,D
-12.72894,-65.95063,313.53,1.82,1.32,2026-06-05,1936,A,66,6.1NRT,299.52,15.86,D
-12.71734,-65.95222,312.73,1.82,1.32,2026-06-05,1936,A,64,6.1NRT,299.47,14.26,D
-10.84549,-53.73526,321.72,2.63,1.56,2026-06-05,1936,A,74,6.1NRT,295.39,54.35,D
-10.8496,-53.75843,355.98,2.62,1.55,2026-06-05,1936,A,98,6.1NRT,297.69,285.29,D
-10.86463,-53.73944,316.41,2.63,1.56,2026-06-05,1936,A,39,6.1NRT,295.8,34.21,D
-10.8511,-53.742,345.57,2.63,1.56,2026-06-05,1936,A,93,6.1NRT,296.19,192.58,D
-10.85501,-53.76513,340.77,2.62,1.55,2026-06-05,1936,A,91,6.1NRT,298.02,157.28,D
-12.77228,-67.12642,308.36,2.26,1.46,2026-06-05,1936,A,52,6.1NRT,294.47,14.54,D
-11.88101,-61.04744,314.42,1,1,2026-06-05,1936,A,68,6.1NRT,300.97,7.53,D
-10.76729,-54.10751,331,2.47,1.51,2026-06-05,1936,A,85,6.1NRT,296.58,94.35,D
-12.59019,-66.59196,316.52,2.04,1.39,2026-06-05,1936,A,44,6.1NRT,299.96,23.9,D
-12.59244,-66.61021,322.96,2.04,1.39,2026-06-05,1936,A,77,6.1NRT,298.65,42.04,D
-12.61983,-66.83331,310.09,2.13,1.42,2026-06-05,1936,A,59,6.1NRT,297.81,14.29,D
-12.59369,-66.72225,320.67,2.09,1.41,2026-06-05,1936,A,76,6.1NRT,298.16,37.5,D
-12.59803,-66.59794,326.69,2.04,1.39,2026-06-05,1936,A,82,6.1NRT,299.37,53.59,D
-12.60043,-66.61614,313.06,2.04,1.39,2026-06-05,1936,A,33,6.1NRT,297.86,17.05,D
-12.57364,-66.60114,315.8,2.04,1.39,2026-06-05,1936,A,68,6.1NRT,299.47,23.5,D
-12.59027,-66.72967,318.45,2.09,1.41,2026-06-05,1936,A,70,6.1NRT,297.91,31.87,D
-12.4637,-65.93957,341.76,1.8,1.32,2026-06-05,1936,A,92,6.1NRT,299.38,98.07,D
-12.46578,-65.95563,341.19,1.81,1.32,2026-06-05,1936,A,91,6.1NRT,300.66,95.91,D
-12.624,-67.51644,316.06,2.42,1.5,2026-06-05,1936,A,71,6.1NRT,295.02,34.25,D
-12.62661,-67.53799,316.86,2.43,1.5,2026-06-05,1936,A,72,6.1NRT,295.02,37,D
-11.0516,-56.9174,313.84,1.48,1.2,2026-06-05,1936,A,65,6.1NRT,298.34,13.39,D
-11.05373,-56.93054,326.01,1.48,1.2,2026-06-05,1936,A,81,6.1NRT,300.04,34.2,D
-12.25054,-66.60561,311.34,2.02,1.38,2026-06-05,1936,A,62,6.1NRT,299.77,14.52,D
-12.22947,-66.53587,311.1,1.99,1.38,2026-06-05,1936,A,40,6.1NRT,299.59,12,D
-12.23169,-66.55359,322.3,2,1.38,2026-06-05,1936,A,78,6.1NRT,299.87,38.62,D
-12.21961,-66.55521,325.19,2,1.38,2026-06-05,1936,A,81,6.1NRT,300.27,44.33,D
-10.34164,-54.09692,322.14,2.52,1.53,2026-06-05,1936,A,78,6.1NRT,295.49,59.49,D
-10.3455,-54.11884,314.8,2.51,1.52,2026-06-05,1936,A,68,6.1NRT,294.45,33.07,D
-10.71138,-56.24426,312.35,1.68,1.27,2026-06-05,1936,A,63,6.1NRT,298.32,13.28,D
-12.2242,-66.5434,320.56,1.99,1.38,2026-06-05,1936,A,59,6.1NRT,299.63,31.36,D
-12.21447,-66.56271,325.82,2,1.38,2026-06-05,1936,A,66,6.1NRT,300.22,45.39,D
-10.34539,-54.10383,327.75,2.52,1.53,2026-06-05,1936,A,83,6.1NRT,295.43,83.69,D
-10.7712,-58.46168,314.76,1.19,1.09,2026-06-05,1936,A,69,6.1NRT,298.95,9.9,D
-10.57264,-57.32299,318.52,1.41,1.18,2026-06-05,1936,A,73,6.1NRT,298.12,21.05,D
-10.03521,-59.33989,320.9,1.1,1.05,2026-06-05,1936,A,77,6.1NRT,296.79,15.18,D
-10.0367,-59.34958,316.18,1.1,1.05,2026-06-05,1936,A,71,6.1NRT,297.01,10.39,D
-10.02606,-59.34135,352.79,1.1,1.05,2026-06-05,1936,A,97,6.1NRT,298.87,71.87,D
-10.02755,-59.35102,348.77,1.1,1.05,2026-06-05,1936,A,95,6.1NRT,298.13,61.97,D
-10.87839,-65.47625,313.58,1.57,1.24,2026-06-05,1936,A,50,6.1NRT,295.33,13.49,D
-10.87601,-65.48173,318.64,1.57,1.24,2026-06-05,1936,A,75,6.1NRT,295.23,22.14,D
-10.85624,-65.49869,314.89,1.58,1.24,2026-06-05,1936,A,46,6.1NRT,293.16,16.57,D
-10.2389,-62.78528,310.92,1.07,1.03,2026-06-05,1936,A,54,6.1NRT,296.21,5.67,D
-9.6678,-59.1708,315.41,1.13,1.06,2026-06-05,1936,A,70,6.1NRT,297.89,9.41,D
-9.16881,-58.05954,324.27,1.33,1.14,2026-06-05,1936,A,79,6.1NRT,296.15,24.65,D
-9.16069,-58.07276,333.04,1.32,1.14,2026-06-05,1936,A,86,6.1NRT,294.15,40.34,D
-9.15887,-58.06791,316.66,1.33,1.14,2026-06-05,1936,A,48,6.1NRT,295.33,13.74,D
-9.78634,-63.50623,308.66,1.14,1.06,2026-06-05,1936,A,45,6.1NRT,291.75,4.95,D
-8.0027,-55.52926,314.41,2.15,1.42,2026-06-05,1936,A,43,6.1NRT,293.95,22.76,D
-8.00933,-55.51614,312.44,2.15,1.43,2026-06-05,1936,A,55,6.1NRT,294.68,19.48,D
-7.9969,-55.51814,311.92,2.15,1.43,2026-06-05,1936,A,38,6.1NRT,295.02,19,D
-8.49049,-61.54594,324.43,1,1,2026-06-05,1936,A,80,6.1NRT,291.6,18.57,D
-8.49178,-61.55474,335.69,1,1,2026-06-05,1936,A,88,6.1NRT,293.19,33.18,D
-5.11565,-71.84241,304.53,4.11,1.88,2026-06-05,1938,A,49,6.1NRT,286.22,22.32,D
-7.76251,-79.12722,312.33,2.63,1.56,2026-06-05,2116,A,38,6.1NRT,291.23,27.24,D
